Source,Target
MarkLeeSoloPls,ChinaConSydney
t_toghrul,
Stanwwk,nathanlawkc
macy8134,
NQnXyRyi9ZIp5Gs,guojimanping
China24Official,
LakeyBe2,
gingerkitkat2,yicaichina
ngonggau,BuminSian
MarkLeeSoloPls,Mango_Press_
Sila11375598,yicaichina
DauDauDongWan,badiucao
whynosignal,shou30jin
HCTaiwan,nathanlawkc
MarkLeeSoloPls,JarilarZhao
zpookz,yicaichina
MyEyez15,yicaichina
xxzhans,yicaichina
MarkLeeSoloPls,spyropic
StealthMother,
BeijingEye,
lomicchi,
adamshau,SpokespersonCHN
xingbrows,spyropic
CeciliaNTDNews,johannylander
saenai_kareshi,SpokespersonCHN
nlhup,nathanlawkc
pivoineblanche5,yicaichina
FredWu76239734,thinking_panda
Marco63423461,nathanlawkc
FredWu76239734,BuminSian
tineXZ1005,yicaichina
SanMinA26071620,nathanlawkc
JenPueng,yicaichina
EXOL23515851,
waqarkauravi,ChinaConSydney
WenlanLiu,
99_secretgarden,nathanlawkc
alwayszhanzhan,yicaichina
bye___________w,SpokespersonCHN
realKong13,
mariocavolo,
TribianneJoey,
whynosignal,BuminSian
lomicchi,taro_taylor
mariocavolo,shou30jin
CCTV_Plus,
Lily12472037,yicaichina
U5yxKOpXB6xr0M2,SpokespersonCHN
marxistjojoist,Jingjing_Li
seelayxiao,yicaichina
LauIvan5,
daikichilahm,yicaichina
imshinbei,nathanlawkc
moonzhan1005,yicaichina
XZ_Arg,yicaichina
zhangzhentian1,SpokespersonCHN
Anya777owo,yicaichina
TribianneJoey,
zhongguowenhua1,badiucao
fanofyttears,taro_taylor
fanofyttears,taro_taylor
BeijingReview,
fendiiiman,spyropic
7Truths7Lies,yicaichina
vil_Delia,taro_taylor
98Cinzia,
alkayeah,Lin95Li
LauIvan5,niccco37702825
TribianneJoey,
ChanCha62478037,Wendy54311691
570mph,
raintsuru,yicaichina
raintsuru,yicaichina
weiweitang,SpokespersonCHN
LauIvan5,lheais
ChanCha62478037,BernardToHK
ChanCha62478037,BernardToHK
LauIvan5,spyropic
SEVKET28654357,Alfred_Uyghur
thaliax13,mariocavolo
MarieUntamed,yicaichina
workhoseinqr,CGTNOfficial
meng21118358,SpokespersonCHN
ChanCha62478037,Langley02_
TmrOur,nathanlawkc
guojimanping,
XZrandomstuff,yicaichina
Toni39210475,nathanlawkc
SephoraPsdol,yicaichina
SpaceLong_,
x_calibra,xinjiangchannel
ann48430648,xiaoyuonion
ChanCha62478037,BruceWayne852
vzroPp,spyropic
queenoffthedark,taro_taylor
BusyAhchan,BuminSian
sara_bookie,yicaichina
LetsBlameChina,taro_taylor
Peterpanxfx105,yicaichina
SammyLau9,nathanlawkc
UmarFar24274153,Jingjing_Li
shookwencg,CarlZha
zunday917,yicaichina
Gaga_DelRey_,badiucao
Jelitaananda9,yicaichina
MrMorningStar10,China2ASEAN
sarahiko12,yicaichina
syayuiki,taro_taylor
Ethereal_Cupid,yicaichina
linmayhui1,niccco37702825
_hiddenagenda,taro_taylor
BudiMedan5,Alfred_Uyghur
Di_FX2,taro_taylor
j0FDGhGMkEQ6cF9,
_mookkkk_,yicaichina
4kQn7QtOKDSl0RV,SpokespersonCHN
tinybutgreatP,jooeysiiu
jimlu1205,
KonohaEmi,xinjiangchannel
Forrest538,ChinaDaily
DavidChen9457,
FCCP1984,BruceWayne852
JaneNgu06471425,yicaichina
alf_yakusa,yicaichina
9048kim,yicaichina
AprilPinK2787,yicaichina
roiiun,yicaichina
jmaonne,yicaichina
currentcurrant9,jooeysiiu
bbiancapp_,spyropic
XzNp1005,yicaichina
oaklive,yicaichina
aorpp,yicaichina
bbiancapp_,j0FDGhGMkEQ6cF9
CD8866,TorontoFarmEN
aeckevin,BruceWayne852
yuanmoren1,SpokespersonCHN
xxxiilll__7,yicaichina
tatarntarn,yicaichina
BeMySana,yicaichina
PreciousEbube11,yicaichina
stone3124,nathanlawkc
tangsanishere,yicaichina
jennylives85,yicaichina
macy8134,
some1isscreamin,yicaichina
OI_journal,
queenoffthedark,JessicaZ1018
j0FDGhGMkEQ6cF9,
Maggie59852893,
longliveyujin,
queenoffthedark,xinjiangchannel
j0FDGhGMkEQ6cF9,
LianneU127DV,nathanlawkc
riddy4palestine,taro_taylor
Anon_HKer,BruceWayne852
connyftw,yicaichina
silencereaction,yicaichina
JShijiu,
go_H_Lucine,
BUMBLEBEE0708,yicaichina
23Aunyamanee,XjReport
ElaineShen75,Frontlinestory
XFX_PH,yicaichina
D0ubl3AA,yicaichina
yunqi1111111,TorontoFarmEN
dorentus,taro_taylor
gusucult,yicaichina
MRW27210497,BruceWayne852
wendy_leung,SpokespersonCHN
WingHongMak,SpokespersonCHN
Forrest538,shou30jin
holapawpaw,
Adelinacchan,2bdoge
Jessica74173208,SpokespersonCHN
tomate_sone,TW_nextmedia
aeryzhan_daytoy,yicaichina
niba42078857,
Hellothisistang,SpokespersonCHN
gagagaz112,aizhongchina
DaoxingZ,BuminSian
DaoxingZ,LXMXinjiang4
lizzchen4,taro_taylor
TsangWah2000218,holden_chow
henzyking,taro_taylor
xiaowoniu571,TorontoFarmEN
XiaoWin_,yicaichina
Ernine2,yicaichina
CYY555,taro_taylor
RisingRedDrago1,taro_taylor
xiaowoniu571,TorontoFarmEN
FriedaLi3,
RisingRedDrago1,taro_taylor
Sheshe76223202,jooeysiiu
ptong2261,ChinaConSydney
Sheshe76223202,nathanlawkc
mcdee_andy,taro_taylor
dademes87,
S9GmK1btuCiaWdU,LXMXinjiang4
Froshs_Vater,xinjiangchannel
DaoxingZ,CarlZha
Jam13826408,BruceWayne852
mamaxin2,CarlZha
hk_pmv,xinjiangchannel
ExMohajirin,AnneDestiny1
linglanxianren,Jingjing_Li
zhang_heqing,Jingjing_Li
np1243,aizhongchina
caren_zhang,
shan3lu,SpokespersonCHN
LydiaLi16261372,Jingjing_Li
Eleanor56070909,yicaichina
currentcurrant9,
caren_zhang,shou30jin
KelGzf,CarlZha
ChinaConSydney,ChinaConSydney
AnnBernalez,yicaichina
LydiaLi16261372,SpokespersonCHN
Buddhism979,CarlZha
tomismmyy,taro_taylor
leslie23234,JessicaZ1018
NighatBatool6,yicaichina
IgSkVKA8K2ElqRF,TW_nextmedia
GalSmucker,nathanlawkc
ncyjanice,TW_nextmedia
ptong2261,CarlZha
xiaoljq,TW_nextmedia
carowithoutline,Jingjing_Li
Apeach928,yicaichina
CandyCho22,nathanlawkc
KellyZ08458497,
xiaozanxiaozan,yicaichina
CentreLeak,
sleeepisme1005,yicaichina
S9GmK1btuCiaWdU,Jingjing_Li
ronniechoichoi,BruceWayne852
KellyWo74828611,nathanlawkc
jich0ngkisser,yicaichina
currentcurrant9,
KellyZ08458497,
sawettapong,aizhongchina
aotian888,
__mvc__,aizhongchina
fool_zhou,SpokespersonCHN
Rebecca13140366,TorontoFarmCN
stimesix,nathanlawkc
g1oriaaa,nathanlawkc
FriedaLi3,
deep_kwan,highlandtop
deep_kwan,nathanlawkc
nidsui_ka,yicaichina
Lisache97801782,
Lilly_Madelane,yicaichina
2K6J0J1,yicaichina
Innotative94,Alfred_Uyghur
deep_kwan,HONGKONGISNOTC1
zhanLove1005,yicaichina
0WBPmUQUiNEiyEd,aBabyGirlQian
j0FDGhGMkEQ6cF9,
balenowatch,shou30jin
Darren75449712,TT4idCE7T8e2ncw
zzh541886,SpokespersonCHN
lizzchen4,BuminSian
lookkaw9,aizhongchina
daytoybunny1,yicaichina
MROdnWnqIN8Ay9C,taro_taylor
AnaLauraSoledad,CarlZha
DOTLO123,SpokespersonCHN
PVM_Hongkonger,BruceWayne852
TT4idCE7T8e2ncw,
Cheri05075373,nathanlawkc
RirikoOnishima,
anxiaodong777,TorontoFarmCN
eqooh1,nathanlawkc
WE85663516,CGTNOfficial
lomicchi,
Bananabonnini,yicaichina
SherlockYoungAr,SpokespersonCHN
deep_kwan,badiucao
zanzansunsun,yicaichina
DecayedB,SpokespersonCHN
deep_kwan,BruceWayne852
xmb0707,CarlZha
438qld,TorontoFarmEN
S9GmK1btuCiaWdU,BuminSian
PYK62528519,badiucao
deep_kwan,TorontoFarmEN
sssfawzy,Alfred_Uyghur
Angiebabyzhan,yicaichina
ploy28464487,yicaichina
xmb0707,thinking_panda
ItaliaMTC,xinjiangchannel
Vinstar20,
jurongwan,SpokespersonCHN
JSmithSkeptic,taro_taylor
Jannis44186536,yicaichina
Zoe_xz_,yicaichina
itzy_sel,yicaichina
susl3tche,taro_taylor
seanxiaowife,yicaichina
Rabbitpaw105,yicaichina
not_xiaozhan,yicaichina
Jianghehuhai1,TorontoFarmCN
Zhang_Akane0429,SpokespersonCHN
Lewisle98850086,Jingjing_Li
xiaowoniu571,TorontoFarmCN
Dear_Kida,
DannastanJG,yicaichina
gusufriend,yicaichina
blueshappire48,yicaichina
Shelly12464039,
Fei10948658,nathanlawkc
eggkoya,spyropic
eternalsunai,yicaichina
JVirinya,yicaichina
US23887084,yicaichina
LiYiChe06494662,SpokespersonCHN
xiejiani2,HollyM80678769
Raymond27103745,CGTNOfficial
CapitoC_Z,taro_taylor
nutchan17133363,yicaichina
RnugkwueOajG1BG,SpokespersonCHN
RisingRedDrago1,BuminSian
marswu33,OnceUpo26773053
Annunaki2017,TorontoFarmEN
cookieming99,yicaichina
Blanchefler,yicaichina
Hannah201907,SpokespersonCHN
xiejiani2,SpokespersonCHN
xiejiani2,Lin95Li
easonlee1,SpokespersonCHN
Lin95Li,
tomismmyy,xinjiangchannel
Raymond27103745,globaltimesnews
Langley02_,BruceWayne852
Amazing_CP,yicaichina
Amazing_CP,yicaichina
BuminSian,
Jianghehuhai1,TorontoFarmCN
hbtg1203,taro_taylor
mamaxin2,xinjiangchannel
raam_beart,Jingjing_Li
suibianq_,yicaichina
khurram786khan1,xinjiangchannel
Humphre12986645,taro_taylor
yellowyhk,
bansiantho,chinese4uyghurs
setay71,ChinaTeacher1
turonhouse,CGTNOfficial
minhaowu,SpokespersonCHN
Xiaocha71151304,yicaichina
gloriana1005,yicaichina
RnugkwueOajG1BG,Jingjing_Li
liuliwei0,Jingjing_Li
Pand86834407,xinjiangchannel
minnie_Tdr,yicaichina
wsgbhkg,nathanlawkc
WL806vvhnSllS47,2bdoge
pukupukuuykIII,TW_nextmedia
HelloKitty_1005,yicaichina
snow_ball_66,yicaichina
LEEYONGQlN,spyropic
e5Oi6yQdOZfHzyB,
Blakeisblake1,nathanlawkc
ptong2261,MscAmir1
JeffreyJMassie,xinjiangchannel
lizzchen4,xinjiangchannel
2bdoge,
liyutian4,SpokespersonCHN
liuliwei0,SpokespersonCHN
BetoniToni,nathanlawkc
kakakallima,chinese4uyghurs
cscbycl,xinjiangchannel
JeremyS98326804,
WanyipLeungCHN,xinjiangchannel
babylrocks1,nathanlawkc
Ozhan1005,yicaichina
DecayedB,
Marina49088883,yicaichina
wuwhtay,Jingjing_Li
pongpon78431186,dayana_dy
Peterpa45912009,yicaichina
Allisonzhao7,SpokespersonCHN
wIYZTYgnRBGtDlc,chinese4uyghurs
Chip77454309,TorontoFarmEN
stuckedbeanesss,nathanlawkc
Oops51335622,jooeysiiu
pierrewang2,xinjiangchannel
JNWaynee,nathanlawkc
mithu796311,CarlZha
HcErLWVWCA7MECy,SpokespersonCHN
rotlamun42,yicaichina
keonaseo,taro_taylor
Chip77454309,badiucao
zhanshua,yicaichina
6all_mui,BruceWayne852
HaryatiKhan,yicaichina
lomicchi,
ic409,BruceWayne852
Livialamlam,BenSoloLA
icyngan22,SpokespersonCHN
fuyoutianxia,xinjiangchannel
Candy74291083,SpokespersonCHN
bassinfusion,taro_taylor
Chip77454309,BruceWayne852
ainiazhange,yicaichina
Chip77454309,nathanlawkc
jierbiden,xinjiangchannel
Oops51335622,nathanlawkc
moonboosuns,yicaichina
zhang_heqing,xinjiangchannel
XiaoZhanLipMole,yicaichina
Dude_Samaniego,CGTNOfficial
VilleageLeader,Q_Niu
hesanbin,WangGuanBeijing
Kim_Nooknick,aizhongchina
BruceWayne852,
Seanthewarrior,yicaichina
dlcmh,JessicaZ1018
jjkcuddly,yicaichina
waterwateriiii,SpokespersonCHN
iamyaozzz,SpokespersonCHN
X__CP9,xinjiangchannel
JSmithSkeptic,thinking_panda
fetuszhanzhan,yicaichina
wqiuqiu,taro_taylor
hfhongmayi,xinjiangchannel
Bobhell123,
Fujoshi739724,yicaichina
shucaileibaozha,xinjiangchannel
sushizhan,yicaichina
xinjiangchannel,
april1046,yicaichina
camellia2328,yicaichina
wuwhtay,SpokespersonCHN
fuyusawa,TW_nextmedia
Tweetychitchat,taro_taylor
5jaixiao5,yicaichina
XZ4ever1005,yicaichina
SSILoveHK,nathanlawkc
lilnighthikari,yicaichina
mortazavi,ShanghaiEye
lomicchi,thinking_panda
yicaichina,
Hero__lin,CGTNOfficial
fyYAYrh7DuZ473g,theserenadong
Sara_100568,yicaichina
Maryjoypascual9,yicaichina
news_beijing,
shunelattphoo,EchoHito
WhiteHongkonger,nathanlawkc
thinking_panda,
TimCat28328169,shou30jin
shunelattphoo,TorontoFarmEN
MN1fH5y9wx4uqXw,TorontoFarmEN
looufeixia,yicaichina
Rei12051005,yicaichina
light_spots,yicaichina
TTangdiombo,yicaichina
Thetruthofthew4,BikerChinese
ShanghaiEye,
Sainthouse1980,yicaichina
anxiousnhappy,nathanlawkc
kkzzeira,yicaichina
la_himalaya,
puma10061,TW_nextmedia
song_npc,TW_nextmedia
dya_daytoy,yicaichina
LuluMX90,yicaichina
misssquiddy,yicaichina
zhanchelle05,yicaichina
SiddyHuang,TW_nextmedia
youcanrunwithme,yicaichina
xzhan_s,yicaichina
zonanme,yicaichina
marites59,yicaichina
ChingBest,yicaichina
kimari0314,yicaichina
7Bw2euCEzWVbHI6,SpokespersonCHN
ardana333,nathanlawkc
RachelQu,jenniferatntd
uGFhCWJI7Lz8GMT,bZDuqTpTMhzVCuN
deezlue,yicaichina
knucklesmith,taro_taylor
Love4zhan,yicaichina
kmSbdCXZBz5GL1K,bZDuqTpTMhzVCuN
ChanelNumberTw4,yicaichina
doe_g,yicaichina
VsMjcqFy3i6TmsL,bZDuqTpTMhzVCuN
mckd40131278,SpokespersonCHN
sasa01491374,TW_nextmedia
UIIE5Fq7P1JM770,bZDuqTpTMhzVCuN
krispika01,yicaichina
huey4k,taro_taylor
AmKYJ5aoDZum6Oi,bZDuqTpTMhzVCuN
Mariade08870569,yicaichina
Orchid_Buns,yicaichina
bZDuqTpTMhzVCuN,
Jerrymi35037253,nathanlawkc
ThinksandSpeaks,Alfred_Uyghur
crimsonzhan,yicaichina
Zjx_Jystina,SpokespersonCHN
baiyoek,yicaichina
nidnidnid2013,yicaichina
Aceface4ever,CGTNOfficial
johannylander,
xzhansolove,yicaichina
ZY_XZ_YY_1991,yicaichina
coq10xz,yicaichina
tarunynorzo,CarlZha
cactiiberduri,yicaichina
CDAfricaNews,
msm1005041209,yicaichina
xyzDne,yicaichina
ptaoyao,yicaichina
BaconGrilled,
xxiia00zhan,yicaichina
pandorasbokz,badiucao
ChineseTeaArts,
_onebelle_,yicaichina
twitg1f6h1g2,nathanlawkc
ekoalamy,yicaichina
OhayoMattharin,yicaichina
JessicaZ1018,
RettaTeuk,yicaichina
EchoHito,
FedupUSExpat,
nuanced_nl,CarlZha
Zhuchenchen4,SpokespersonCHN
nakpungod,senjatanuklir
SweetZhanZhan,yicaichina
Daniel92547593,TorontoFarmEN
angelongonyama,
xmb0707,MscAmir1
Baliqis_xfx,yicaichina
xzmole0510,yicaichina
Pand86834407,2bdoge
AKENNAIN0304,nathanlawkc
2DFoLcKTIIWhyRW,TorontoFarmCN
ArthurX06,yicaichina
bingsoda,yicaichina
xav68696618,taro_taylor
barehands12,yicaichina
xiaohegu,TorontoFarmEN
koko07591415,TorontoFarmCN
bbninni,yicaichina
a83849577,nathanlawkc
jakechu10,nathanlawkc
loveme92871244,TorontoFarmEN
Thetruthofthew4,lheais
WorldCi73543373,taro_taylor
YouthChina,globaltimesnews
fhcluk,taro_taylor
masakawa68000,Q_Niu
Tonnny2012,ChinaConSydney
etOr2CVOahs2WYP,taro_taylor
yicaichina,
naenarayaa,senjatanuklir
EchoHito,
qingtingchan,TorontoFarmCN
Ricky28236815,shou30jin
Thetruthofthew4,Jingjing_Li
ruchern_chong,CarlZha
Thetruthofthew4,Jingjing_Li
RichDent,Jonah_writer
Thetruthofthew4,SpokespersonCHN
ck_snowbabi,shou30jin
Mamatjan15,Alfred_Uyghur
hklbj,nathanlawkc
Cecilia61261382,SpokespersonCHN
qingtingchan,TorontoFarmCN
LyssaNNZ,aizhongchina
Grace44396551,nathanlawkc
Jonah_writer,
MoronVerbose,shou30jin
viriyabot,tworldreviews
nikash113,Dhillon1138
Alanpanda7,
saturdayfeb26,yicaichina
Alanpanda7,
_3s2krz88,taro_taylor
MostaPi,shou30jin
AoKRaFNKaaC,taro_taylor
TheDrBlanc,mariocavolo
subnet142,nathanlawkc
siu_head,taro_taylor
genzj,Alfred_Uyghur
ThanHtetSoe16,nathanlawkc
AccuInt7799,TorontoFarmEN
indurban1,ChinaTeacher1
TheDrBlanc,MscAmir1
Pot7Hot,
free_hkg,nathanlawkc
Bobby44562471,taro_taylor
levi_lu,
JudyLemore,nathanlawkc
zendayamywifey,spyropic
mariocavolo,CarlZha
neilyeoh,nathanlawkc
Kellykwli2,TW_nextmedia
_Poolish,nathanlawkc
abiteofrainbow,Alfred_Uyghur
Lee260X,nathanlawkc
sanmurenbai,jooeysiiu
Jeppie90815913,taro_taylor
ArManHKCN,taro_taylor
Jannis44186536,aizhongchina
Sabista_,CarlZha
bakagoncosplay,chinese4uyghurs
Killthe26973370,
joe5758,China2ASEAN
ChinaDaily,shou30jin
tworldreviews,
Hsumyat1122,nathanlawkc
shou30jin,
marytsangsiu19,nathanlawkc
AnwarFadzil,CarlZha
WaqarMustafavi,globaltimesnews
e9IhphYOvwyUGBj,TW_nextmedia
t_hypocracy,ChinaTeacher1
hk_d9,nathanlawkc
ZhengTuo3,Jingjing_Li
khurram786khan1,
Metsutx,chinese4uyghurs
sora25504066,
tracyinsg,ChinaConSydney
ppp_w21l,taro_taylor
fly65162080,CarlZha
Neil_8977,TW_nextmedia
HuangHe_on,nathanlawkc
Katniss96301823,nathanlawkc
Amiemie15,nathanlawkc
Lin95Li,
ChrisHF13,nathanlawkc
YichunHan,YichunHan
pngurb,Jingjing_Li
YichunHan,
ruchern_chong,mariocavolo
mysuperbusylife,taro_taylor
5pk7Vnbeyzc2NWw,SpokespersonCHN
jerrylyoung1789,taro_taylor
pramk2,CarlZha
c4S1DygFoic95tQ,Alfred_Uyghur
RobertF23004448,taro_taylor
comedianotaro,CarlZha
desertfox61I,CarlZha
David_Parallax,CarlZha
Ayami_nya,taro_taylor
Daniel92547593,VOAYYH
glorytohk11,
YtV7X9hsBh53VGJ,TW_nextmedia
fa2lung,holden_chow
forpretender,Alfred_Uyghur
swamp_oracle,nathanlawkc
TW_nextmedia,
HolicWent,
su_custerfengsu,TorontoFarmCN
weneverfailthem,nathanlawkc
uA9nhfmTsw34VSl,TorontoFarmCN
Osuedan,ChinaTeacher1
mariocavolo,
JoyOBailey1,CarlZha
heung_hang,nathanlawkc
malajisi10,TorontoFarmCN
mythmakerart,CarlZha
CarlZha,
pTqMnSyX4QmANEp,SpokespersonCHN
C_W_UK,
uy_japan,Alfred_Uyghur
Happyindy6,aizhongchina
thoughtsofasian,
YichunHan,
ThucydidesCA,mariocavolo
regularHKer,badiucao
duanyu06648116,chinese4uyghurs
yghysn,China2ASEAN
XjReport,
TszJanice,nathanlawkc
GourmetComrade,taro_taylor
Arthurcheung14,
BenSoloLA,
George72070636,WangGuanBeijing
continenssubso4,SpokespersonCHN
GustaveLeon,Alfred_Uyghur
ohuo95655676,xinjiangchannel
continenssubso4,Jingjing_Li
SSwHongKong,nathanlawkc
lititi98,spyropic
HkPreview,ChinaTeacher1
Paing70087957,nathanlawkc
manjuicecom1,nathanlawkc
rowan__rex,nathanlawkc
jj_fatigue,KiaraKun13
traaaicey,
GarlandSculptor,taro_taylor
MichealYi8,SpokespersonCHN
2hkhk2,nathanlawkc
tom96548355,Jingjing_Li
BintaChina,ChinaTeacher1
junghok6,aizhongchina
GarlandSculptor,CGTN_Culture
Rule_of_Thu,taro_taylor
FullMoonNoStar,
KazuokiL,VOAYYH
liangxuanyu521,
monkmonkii,KiaraKun13
AbdullahCTT,chinese4uyghurs
HtunLinn92,nathanlawkc
HimalayaLa8,TorontoFarmCN
IExaminer2,
Maraki378,taro_taylor
chenlizi5494,
Gundamwen2017,SpokespersonCHN
FullMoonNoStar,
YYGuillotine,chinascio
YYGuillotine,SpokespersonCHN
VOAYYH,
CnepalSb,Jingjing_Li
hgT9WfuouKFKdLE,TorontoFarmCN
ChinaTeacher1,
BusyAhchan,taro_taylor
SimonintheZoo,jooeysiiu
liuliu422,nathanlawkc
FedupUSExpat,TorontoFarmEN
FullMoonNoStar,nathanlawkc
BCLu12,taro_taylor
arbazjutt302,xinjiangchannel
isaridewi,taro_taylor
DeepADiver2,
lnrd_hk,chinese4uyghurs
shujingchenhu,TorontoFarmCN
ymmon1227,nathanlawkc
LamAndy16,WangGuanBeijing
VeggieRt1984,monkmonkii
Pat90576724,aizhongchina
trixmavka,nathanlawkc
albrandosh,
TakHongkong,monkmonkii
LFervii,Jingjing_Li
SofiaSo92092512,TorontoFarmEN
KiaraKun13,
virusTruth2,TorontoFarmEN
gagahicom,
virusTruth2,TorontoFarmEN
Sunny29858586,TorontoFarmEN
martin98199690,lunareadingnote
virusTruth2,TorontoFarmEN
loongs0,nathanlawkc
DeepADiver2,
AryaSta71414292,
virusTruth2,TorontoFarmCN
virusTruth2,TorontoFarmCN
jiangwe63564950,TorontoFarmCN
william98222743,nathanlawkc
chaosdreamer4,SpokespersonCHN
TheFeijoa,taro_taylor
SofiaSo92092512,TorontoFarmCN
DanielW75036432,nathanlawkc
HowieCheng1997,
Lara85765187,SpokespersonCHN
Cecily69338877,SpokespersonCHN
Lichtquant_Welt,taro_taylor
lawrence0321bk,jooeysiiu
2582587758xin,SpokespersonCHN
myathan25704744,nathanlawkc
wanfengnannan,LXMXinjiang4
PPeidoki,SpokespersonCHN
mariocavolo,
Christo24717475,chinese4uyghurs
hkpig612,badiucao
vinceykk1,taro_taylor
woshic_l,aizhongchina
rhodakykwan,
Lily32911046,Jingjing_Li
currentcurrant9,badiucao
vaesong514,SpokespersonCHN
EXO7_forever,SpokespersonCHN
aiimi_96,nathanlawkc
martin98199690,
marcotrupiano,
fanqieniurou,TorontoFarmEN
fanqieniurou,TorontoFarmEN
marialctse,nathanlawkc
yiyezhixia1,SpokespersonCHN
ahgase_zhong,
aguang411,Jingjing_Li
sendrener,
NFSC_MUST_WIN,TorontoFarmCN
AppleLam15,TorontoFarmEN
gr3atdepressi0n,taro_taylor
TuDaCheng2,SpokespersonCHN
6HDAsXOFdOuJDAl,Jingjing_Li
fcktns,spyropic
miKatoshka,LXMXinjiang4
TomWong93767868,jooeysiiu
Si3gward,nathanlawkc
honorabbit2,SpokespersonCHN
chopkickpunch,jooeysiiu
hksillypig,
chenshan66,SpokespersonCHN
LeungWanyipCHN,WanyipLeungCHN
melody4913,taro_taylor
RaymondLeungCHN,WanyipLeungCHN
melody4913,taro_taylor
gsgf7777,TorontoFarmCN
shdjdbgs,ChinaConSydney
x3E56TJ5ab1V38V,TorontoFarmCN
Yanhua____,taro_taylor
CLeesoohyuk,
tengriwolf,LValie1
Nigel8529,taro_taylor
kei_shiu,nathanlawkc
james34603155,CGTN_Culture
zhang_heqing,CGTN_Culture
HMKNGR_SG51,
maruiyang0715,SpokespersonCHN
CGTN_Culture,
YYY11531303,
davy_ninja,nathanlawkc
nite_wolfus,Jingjing_Li
BobChao0920,taro_taylor
wannabeme2019,chinese4uyghurs
holden_chow,
shing109,nathanlawkc
lizhenpeng2020,2bdoge
ariefluo,taro_taylor
FPoint2018,taro_taylor
etOr2CVOahs2WYP,2bdoge
Jiangji26417102,chinese4uyghurs
FreeHKnow4,jooeysiiu
FreeHKnow4,nathanlawkc
airy_breeze,TorontoFarmCN
hyman2630,globaltimesnews
tillingfolk,
o19p5Bkx5eFlN87,
Hong_Kong____,
Mlj4433,nathanlawkc
swDBM6LfE3BlOIP,SpokespersonCHN
HelloFori,
lanzhixing2,TorontoFarmCN
wondrously_lost,lheais
smithoons,ChinaConSydney
CliffKupfuwa,WangGuanBeijing
hypocritaeices,taro_taylor
LeeJFunnn,Jingjing_Li
xcross60265806,Jingjing_Li
DHnin7,nathanlawkc
tmcgregorchina,taro_taylor
20Arale19,nathanlawkc
nite_wolfus,taro_taylor
ptong2261,Jingjing_Li
Semuiles,lheais
CharSeer,taro_taylor
AikaWalker,nathanlawkc
smithoons,taro_taylor
MyatHsuPyaeZaw1,nathanlawkc
my_igh,TorontoFarmCN
akguai,TorontoFarmCN
my_igh,TorontoFarmEN
SR_Malaya,2bdoge
caca20190609,jooeysiiu
caca20190609,nathanlawkc
ZombieBladder,taro_taylor
Hanaaa63871674,SpokespersonCHN
caca20190609,yauyaumungpig
Tdw17786908,TorontoFarmCN
nininuxia,2bdoge
jkjackko,taro_taylor
yunyunyun2020,
wangyuchenleo,2bdoge
monkeyking615,chinese4uyghurs
sumi75879,nathanlawkc
ernestokrapf,taro_taylor
demonoidzz,badiucao
FAWKESLEE,2bdoge
0WGlx8tR2ngrjgj,finmeteor
DanielDumbrill,taro_taylor
Parsley004,
redmei69,ChinaConSydney
LeeJFunnn,
theinth33635253,nathanlawkc
Yanguihubin,2bdoge
eaglewa90656657,taro_taylor
huqian82,2bdoge
Wilson39875605,taro_taylor
Bridge__z,ChinaConSydney
siuming0523,
shucaileibaozha,2bdoge
Cancell01,badiucao
thetlyar97,
2bdoge,
1amspecial,taro_taylor
Killthe26973370,
WanyipLeungCHN,
KChan_fourth,TorontoFarmEN
ewcfVl9lFFfgApJ,
HuynhChanVinh,badiucao
lw45491113,TorontoFarmEN
jin_yang,TorontoFarmCN
jin_yang,TorontoFarmEN
cal4HK,nathanlawkc
singnb,TorontoFarmCN
jin_yang,TorontoFarmEN
josejfwsef,TorontoFarmEN
wildcatinwinter,nathanlawkc
JoanPohYY,taro_taylor
cestirene,nathanlawkc
HKUFan,
Hilda39086569,SpokespersonCHN
btvdaifu,CCTVAsiaPacific
maple_kyi,nathanlawkc
KaishiCo,
tiwtter2345,TorontoFarmCN
S1pppper,chinese4uyghurs
eaindra_t,nathanlawkc
zazumi_A2,OnceUpo26773053
RickySone,taro_taylor
WoshuaJong,taro_taylor
AppointbookSeth,TorontoFarmCN
VnmHqf1rYsdxofo,SpokespersonCHN
amazinggrace_SN,taro_taylor
BiasedMedia6,Jingjing_Li
emmanuelfor8964,chinese4uyghurs
MilanRicc,taro_taylor
KRNAJH,badiucao
gchan19hkger,nathanlawkc
vivienc41732492,jooeysiiu
PVM_Hongkonger,jooeysiiu
shujingchenhu,TorontoFarmEN
umyamin2,nathanlawkc
pamir177,SpokespersonCHN
YQiqing,taro_taylor
TorontoFarmCN,
williamsantosg3,taro_taylor
laimanmm,nathanlawkc
ptong2261,SpokespersonCHN
haseuIpriv,
JefulC,WangGuanBeijing
iamhongkonger4,nathanlawkc
1msucks,
BrunoDeboni4,badiucao
1msucks,
1msucks,
Jack27688344,nathanlawkc
1msucks,
over18pillar,nathanlawkc
WOFY20,Jingjing_Li
shujingchenhu,TorontoFarmEN
h4_p9,nathanlawkc
Moonfish2020,BernardToHK
yahound,taro_taylor
tfqianxi,XjReport
tanfongkee,taro_taylor
tfqianxi,China_Fact
Starz_Aminn,nathanlawkc
Saskia90135644,
Heborncomeback3,TorontoFarmEN
languagediarya1,chinese4uyghurs
AlkyLeung,nathanlawkc
Heborncomeback3,TorontoFarmEN
HsuPhyo5,nathanlawkc
otickete,taro_taylor
malajisi10,TorontoFarmEN
taro_taylor,
taro_taylor,
Moonfish2020,nathanlawkc
MikaKobacc,nathanlawkc
malajisi10,TorontoFarmEN
Jm8F2XXdYlxuiBP,SpokespersonCHN
yfsheep,chinascio
shibidushi,badiucao
RealRaw_Talk,
jiangwe63564950,TorontoFarmEN
yfsheep,SpokespersonCHN
RyanWGen,TorontoFarmEN
Eye1The3nd,TorontoFarmEN
Eye1The3nd,TorontoFarmCN
Garnsoo,
HYWang49356761,
WangGuanchao,SpokespersonCHN
Saleen52278576,SpokespersonCHN
ulukbirlik,AnneDestiny1
AliHumdani,CGTNOfficial
Crystal142857,TorontoFarmEN
BkshnChg,badiucao
zss_Rosa,
Damayantha14,ChinaEmbSL
iciclemelts,nathanlawkc
TorontoFarmEN,
momentofchina,
DanCDO7,LXMXinjiang4
doubithy,SpokespersonCHN
gnybjv6vXmgUE08,
archer_mister,badiucao
Garnsoo,
1749352480,SpokespersonCHN
xuxuwenjun,spyropic
IcyGreenForest,WangGuanBeijing
owenseehere,SpokespersonCHN
WangZhe11906861,
TIM17196366,yauyaumungpig
lijiatao,Jingjing_Li
CGCHINA_CPT,globaltimesnews
julien201410,tengbiao
xxxcocotang,nathanlawkc
BkshnChg,nathanlawkc
panlune,sammiwhat
zoSbb6XTCPqgh6y,gnybjv6vXmgUE08
jiang47235974,SpokespersonCHN
YiwenSun19,SpokespersonCHN
yauyaumungpig,
gnybjv6vXmgUE08,
a512177,Jingjing_Li
kkfhkhk,nathanlawkc
butterflySerend,nathanlawkc
PetaTorrella,BarrettYouTube
ImmortalSingh2,nathanlawkc
PetaTorrella,BarrettYouTube
Kafka60613837,
LwinMhee,
Outrage_Art,
PetaTorrella,BarrettYouTube
carowithoutline,SpokespersonCHN
ruoli214,
KellyZ08458497,
fishersXiao,SpokespersonCHN
zshing1,chinese4uyghurs
George__Li,
peachso66116382,
heisenberg5061,WangGuanBeijing
lovebesieged,
Sunkiki8,TW_nextmedia
democracy20203,nathanlawkc
redmei69,SilingWu
JingHawtties_Ha,Jingjing_Li
justcurious1313,WangGuanBeijing
Frikadel11,SpokespersonCHN
Johnson15528033,Jingjing_Li
MakpengMiw,aizhongchina
hourableteam1,globaltimesnews
ChairmanFionn,SpokespersonCHN
BNF75,
Danabyss1,Jingjing_Li
Johnson15528033,spyropic
james34603155,Jingjing_Li
Lovecolorfree,Jingjing_Li
christinefor13,Jingjing_Li
pooh_WDF,aizhongchina
sammiwhat,
BusyAhchan,MscAmir1
viriyabot,jooeysiiu
bubublue333,nathanlawkc
HS__Eric,nathanlawkc
Cookies8888,Leslie_Zee7
my_igh,TorontoFarmEN
ManMan37214066,Jingjing_Li
yicaichina,
rachelruanbaby,
Nickel_ore,
O1RgWT0UEUNlMKn,SpokespersonCHN
KyiPhyu17485998,nathanlawkc
LarrypageB,nathanlawkc
wthlccteamo,TW_nextmedia
DFCRb5JpM0nTl9F,SpokespersonCHN
AprilPlmm,Jingjing_Li
james34603155,globaltimesnews
AmIStillAlived,nathanlawkc
BusyAhchan,globaltimesnews
huangguiyu,WangGuanBeijing
Johnson15528033,Jingjing_Li
dBaliyan,
Zank47563599,Jingjing_Li
DavidChen9457,
tracy35062938,nathanlawkc
xiaoya14697539,Jingjing_Li
DelqueVictor,Jingjing_Li
um3w7qj4SiTQSlx,Jingjing_Li
cacalovehk,
hlayamin00,
s2poo6lHqYAgGYn,Jingjing_Li
Buddhism979,BikerChinese
semimaxkr,Jingjing_Li
Kav7LxC8LDH1aEd,la_himalaya
weilinkuang,Jingjing_Li
MarkusShaw15,TorontoFarmEN
XueYuns11,SpokespersonCHN
liCheng04299507,Jingjing_Li
ryokoni,chinese4uyghurs
Ricky28236815,
mikuhaku233,Jingjing_Li
ZongLei20,SpokespersonCHN
KathyKKkLu,SpokespersonCHN
DanCDO7,globaltimesnews
KChan_fourth,TorontoFarmEN
LeiShur82630211,SpokespersonCHN
DanCDO7,MscAmir1
commie__mami,Jingjing_Li
DendrikL,Jingjing_Li
FinalBattle13,TorontoFarmCN
dongchangxvyaon,LondonHanfuCN
ZhangChef,Jingjing_Li
QiXigs5,SpokespersonCHN
fat_duck_meat,SpokespersonCHN
Mal_Wang,Jingjing_Li
TianXia1357Z,Jingjing_Li
nongmmg,SpokespersonCHN
5M6AnwzxOVB8mE9,Jingjing_Li
RodericDay,Jingjing_Li
SongHuo23695774,SpokespersonCHN
Nivi992011,Jingjing_Li
HGuoz8,SpokespersonCHN
Tim_Formosa,SpokespersonCHN
zhongguo5000,Jingjing_Li
YinLi38759741,SpokespersonCHN
LawTce,nathanlawkc
Ricky28236815,Jingjing_Li
HninYee74925747,
Aner57472565,Jingjing_Li
davidwo62729045,Jingjing_Li
mythmakerart,Jingjing_Li
hidekihokuto,WangGuanBeijing
UGotAutism,Jingjing_Li
libertydemocra1,nathanlawkc
hoffmenjack,globaltimesnews
JohnF_Ketamine,Jingjing_Li
ipfreak1,globaltimesnews
Aaaangl,
DaoxingZ,Jingjing_Li
merylee35664072,jenniferatntd
smithoons,Jingjing_Li
ZhangChef,Jingjing_Li
Yanguihubin,Jingjing_Li
FunPop7,Jingjing_Li
X__CP9,China2ASEAN
Lie_Wang0226,spyropic
fantine127,Jingjing_Li
kamotetsu,nathanlawkc
zlj517,Jingjing_Li
zuoduoduo,SpokespersonCHN
JQH1002,
sweeting_sour,senjatanuklir
lsabell17968133,WangGuanBeijing
wuxiangg,spyropic
shadowlonofof,
KateHuentelman,RocafortFred
TorontoFarmEN,
joshuamills044,globaltimesnews
freedomisgood1,nathanlawkc
dinggangchina,Jingjing_Li
_mkd0,badiucao
8_kotono,nathanlawkc
joy_lighting,spyropic
yinglin79,spyropic
milktea782,chinese4uyghurs
leftboomer,globaltimesnews
cooland413,
avispadaniel,badiucao
mysuperbusylife,globaltimesnews
Hong_Kong____,
sand_jack,Lazyyyyyyy
C79222222,nathanlawkc
myatbhone7633,nathanlawkc
yu_ni987,CGTNOfficial
SCoup2021,nathanlawkc
yourettiwtme,BarrettYouTube
femqqqb,chinese4uyghurs
MyanmarCitizenM,nathanlawkc
Aling88188,la_himalaya
Blade49340067,nathanlawkc
Nickel_ore,
99wz77GreYOmCnt,SpokespersonCHN
xf_2007,SpokespersonCHN
HongConnn,nathanlawkc
puteripil,Jingjing_Li
hirocat90,nathanlawkc
LAUJAN_,nathanlawkc
chaichaigod,WangGuanBeijing
peruanomarxista,globaltimesnews
CurtisSChin,
puteripil,senjatanuklir
sillyshen,tengbiao
joanne65851011,nathanlawkc
Zhou26028989,
ConcernedHk,MscAmir1
Jeeghin,HollyM80678769
SlamDun47313735,
la_himalaya,
joeyang128,jenniferatntd
yu_ni987,SpokespersonCHN
telsaiori,jooeysiiu
347917270,SpokespersonCHN
uokeely,SpokespersonCHN
zhenbka7,Alfred_Uyghur
mumenraidainhk,nathanlawkc
9Tsuialex,badiucao
jin_yang,TorontoFarmCN
TedDaddy2,nathanlawkc
FRhangzhou,globaltimesnews
IcE21OctRY64_aS,nathanlawkc
Elvinayawllie,
jin_yang,TorontoFarmEN
WDra6ZQZ1RNXXfc,SpokespersonCHN
melody4913,CGTNOfficial
bili11626114,SpokespersonCHN
tom96548355,lunareadingnote
Kebru13,
monpetitaetae,lheais
C28jrkOco9MmkNH,SpokespersonCHN
WangZhe11906861,China2ASEAN
VIT13878885,SpokespersonCHN
loeynesarang,badiucao
99wz77GreYOmCnt,
RocafortFred,
zhongjieHuang2,SpokespersonCHN
lch1540,freecalcium
shenangelina1,SpokespersonCHN
shenangelina1,
liberry14,
yamunaoverseas,ChinaEmbSL
FastFastBiuBiu4,globaltimesnews
binyu91,Q_Niu
IcyGreenForest,globaltimesnews
KingLaai0927,
LoveKing112116,aizhongchina
mxp44440,Jingjing_Li
qamadhieta,
wade75321489,TorontoFarmCN
WaqarMustafavi,CGTNOfficial
nic_joys,
MscAmir1,
zqhlongwuyu,globaltimesnews
dksksQAQ,spyropic
zhongjieHuang2,WangGuanBeijing
my_igh,TorontoFarmEN
halolao,globaltimesnews
jxstfriendsy,SpokespersonCHN
wuxiangg,
lch1540,jooeysiiu
Joshua39787246,globaltimesnews
Monkey_King666,
whiteSouffle,
FutureBuckNasty,Jingjing_Li
girlspotify,globaltimesnews
Preety_qing,
shuo9ekfh,SpokespersonCHN
EvieChoi619,lunareadingnote
hongkonger1841,nathanlawkc
Joycechen90,
realBruceK,nathanlawkc
Khunnice2,
LiuYuhan060615,SpokespersonCHN
BarryWo31638350,ngonggau
focalpointpk,globaltimesnews
FactsTellOrg,
fff3313750220,TorontoFarmEN
DimalenMursid,globaltimesnews
selinaL03543179,SpokespersonCHN
zyungam,
Noir_Fair,jooeysiiu
Iilovehongkong2,ngonggau
EvieChoi619,Jingjing_Li
ericrechsteiner,badiucao
Lovecolorfree,globaltimesnews
Novanaryoo,senjatanuklir
foolishduck3,
yamunaoverseas,globaltimesnews
CianGaia,globaltimesnews
johandemeuleme1,globaltimesnews
Oneonesix7,
albrandosh,
e5555d5555,nathanlawkc
globaltimesnews,
Eve_USA,tengbiao
James_Thorburn,nathanlawkc
vschun1,nathanlawkc
NisaraOuch,lheais
samuine11,
winter0109,badiucao
QuiteGuy7,BikerChinese
stting95,SpokespersonCHN
AsiaSpotlight,badiucao
nashus,CGTNOfficial
Jothehkgirl,nathanlawkc
NXXFy8xORoNzgB5,nathanlawkc
LolyQiao,SpokespersonCHN
whiteSouffle,
jiangwe63564950,TorontoFarmCN
Oyx7ZHbBrDUg8Dq,HollyM80678769
fanqieniurou,TorontoFarmEN
juliancha12,
jerrywongbirdy,chinese4uyghurs
TNOjw,
curtisrobin,CGTNOfficial
xiangduan,
vivienc41732492,OnceUpo26773053
TTLNDYD,SpokespersonCHN
Vivian63370672,WangGuanBeijing
chicken_friday,nathanlawkc
PAJHON7,CGTNOfficial
KChan_fourth,TorontoFarmEN
closertochina,
BAIBAIER1,SpokespersonCHN
jingyun_wang,XHNews
xuesong19439586,SpokespersonCHN
AFairyStory,tengbiao
mohanthapa123,globaltimesnews
ktshkca,chinese4uyghurs
lovelay51798465,SpokespersonCHN
Jeana_Luft,CGTNOfficial
mod_x,CGTNOfficial
xkjxjdjd2,nathanlawkc
kiki97972,PDChina
Oyx7ZHbBrDUg8Dq,LondonHanfuCN
infiniteBTS93,SpokespersonCHN
dez1o1,
Yati_014,nathanlawkc
melissabak3,CGTNOfficial
Pejal_Hashim,badiucao
devilsclaw3,
William33974536,
Tilly831_,nathanlawkc
ChikwongMiu,SpokespersonCHN
MarkMalachowski,CGTNOfficial
ryka_t,lheais
qamadhieta,
DRechts,
Tom00561419,SpokespersonCHN
james34603155,CGTNOfficial
isllainey,SpokespersonCHN
Y64191332,
aiwozhonghua21,SpokespersonCHN
Abs5164,TorontoFarmEN
ChasonDailey,WilliamYang120
apc010208,CGTNOfficial
XjReport,
CGTNOfficial,
LaurenY48364351,SpokespersonCHN
YoseSpark,SpokespersonCHN
TorontoFarmEN,
solololooo,badiucao
Cindyho0614,SpokespersonCHN
BRASIL_ACABOU,globaltimesnews
xiiiiii16317586,
Harika95694724,
singnb,TorontoFarmCN
missioncritica,Q_Niu
leetseyin,WilliamYang120
YukiLi53547718,SpokespersonCHN
reazonozaer,DarkoftheWeb
mukmook,aizhongchina
ronniechoichoi,OnceUpo26773053
Happylulu08,aizhongchina
RfsiPXhWj2Tkq4n,nathanlawkc
HKer61891166,jooeysiiu
freeqli,tengbiao
yuanwenhao1,SpokespersonCHN
HRuD5br0essYOFB,WangGuanBeijing
Rambo59211915,BarrettYouTube
sino_observer,tengbiao
kjdxings,
CheungCommon,nathanlawkc
Q_Niu,
Alan28825054,XHNews
ChuYong6,SpokespersonCHN
cnpy127,
galaxy8601,
tdbboysles,nathanlawkc
ChrisLe62694230,Jingjing_Li
DarkoftheWeb,
XuCais4,xinjiangchannel
sino_observer,tengbiao
JohnC322,nathanlawkc
ErenYea95446295,monkmonkii
cyn106932017,nathanlawkc
malasongfeng,TorontoFarmCN
zhangtruth1,nathanlawkc
ErenYea95446295,jooeysiiu
uSuA0e1zvgE1V8U,SpokespersonCHN
pacaryoona,senjatanuklir
NothingSB4,badiucao
JialiOnlyyouz,SpokespersonCHN
cherry123pjms,nathanlawkc
tiwtter2345,TorontoFarmCN
kittiYa51305805,lheais
spsot,badiucao
TheJiaoCollectv,1842_1997
Nick83672739,
songxiaoxi2,SpokespersonCHN
BikerChinese,
zhengwei75,
Ikaroso2,HollyM80678769
Zephyr18624664,SpokespersonCHN
justin00800,TorontoFarmCN
DannyCh83145536,TorontoFarmCN
Hong_Kong____,Hong_Kong____
Charles78020456,JessicaZ1018
mana_kkw,aizhongchina
Hong_Kong____,
Sophia92016364,AbubakaarCh
liberatehkerrrs,nathanlawkc
Peijun19966455,tengbiao
hahaha73822067,SpokespersonCHN
Ruby33564432,PeoplesDailyapp
dhdysdys812,lheais
MKpopWebsite,
yolikw,SpokespersonCHN
lucyzwaryf,SpokespersonCHN
somaaewong,aizhongchina
alvinlibra2018,nathanlawkc
Leandrojuniors8,theserenadong
VinieeN,SpokespersonCHN
RitoMisantropo,Jingjing_Li
somaaewong,aizhongchina
thalassaxipe,senjatanuklir
FloofBlanket,lheais
SmurfGG,WilliamYang120
nite_wolfus,CGTNOfficial
iCadence_,jooeysiiu
chadmath,China2ASEAN
VinieeN,spyropic
C_KBigEgg,
793224070Lee,SpokespersonCHN
HHHSunnah,Alfred_Uyghur
Zyhein,nathanlawkc
El_ReMap,tengbiao
Yand13281538,SpokespersonCHN
OngPilly,CGTNOfficial
1842_1997,
welhena800,ChinaEmbSL
crying_HKer,tengbiao
Zzzzz68898715,
AndyLiu52035003,SpokespersonCHN
macdex3,DeepADiver2
TOGrlbB9LrzEBMi,HollyM80678769
Zulhelmil1,badiucao
hoyin19944066,jooeysiiu
Mike71908739,nathanlawkc
KariBak71072709,SpokespersonCHN
feehonkon,nathanlawkc
Yiming_Botten,tengbiao
YoloOliver1,XHNews
mrowand,tengbiao
Jancums,chinese4uyghurs
tengbiao,
transfo21771738,Alfred_Uyghur
frannieOh,tengbiao
Lushanzilong,TorontoFarmCN
tgR_tsuru,badiucao
Leo08065909,XHNews
FamilyOf_D,badiucao
yennikwok,WilliamYang120
kasugano_kaze_,tengbiao
comradeJohnClay,Mango_Press_
YD68DKznbkaV2Us,TorontoFarmCN
joshamitin,
DoubleSsine,aizhongchina
TohtiChambash,Alfred_Uyghur
badiucao,tengbiao
TOGrlbB9LrzEBMi,LondonHanfuCN
worsethanccp,WangGuanBeijing
MingCha90629405,Jingjing_Li
tiraELF,lheais
wenzi3007,SpokespersonCHN
ManChungMichYu1,nathanlawkc
tengbiao,
uPrw5rZcmmHyr9f,SpokespersonCHN
Frankee7777,
cclan1234,OnceUpo26773053
WorldCNA,SpokespersonCHN
FilipinoMestiza,AnneDestiny1
LetsRoc137,badiucao
2L05Z9LBVi0R92v,
my_igh,TorontoFarmCN
gogo_fng,SpokespersonCHN
iwantliberty852,jooeysiiu
orng_thina,Jingjing_Li
jerrywongbirdy,nathanlawkc
People25845566,
superchemist13,
aiiyyangg,senjatanuklir
Emily83324330,nathanlawkc
MGsweetycandy,SpokespersonCHN
crazyuniverse15,badiucao
zqhlongwuyu,WangGuanBeijing
TorontoFarmCN,
skyearthstories,nathanlawkc
Outrage_Art,badiucao
bighireio,WilliamYang120
world_news_eng,XHNews
kennycoffee,badiucao
Lancrunistuning,CGTNOfficial
WilliamYang120,
AnnaLuvPopo,badiucao
bebonmarketing,SpokespersonCHN
nhohn2011,China2ASEAN
bigblackhole7,aizhongchina
DIduEWCzzEX6JEw,aBabyGirlQian
XHNews,
aBabyGirlQian,
ty60275262,nathanlawkc
lwlphys,chinese4uyghurs
LUpkyTwv1MYhtVb,
Aahmattt,badiucao
DanShreffler,badiucao
suehantiewah,Jingjing_Li
AfricaClear,nathanlawkc
sunbleachedsky,aizhongchina
superchemist13,
fuckccp19,jooeysiiu
TanKayInn1,WangGuanBeijing
ngdasokau,jooeysiiu
miniminminimo,aizhongchina
fuxiang_,China2ASEAN
ngdasokau,nathanlawkc
Okitakagura0708,lomicchi
acyyhk,Jingjing_Li
acyyhk,Jingjing_Li
nerdngeeky,Jingjing_Li
kei81626,SpokespersonCHN
epromor,aizhongchina
realKong13,
ajphelo,jooeysiiu
MingCha90629405,jooeysiiu
hocoleman1,jooeysiiu
fafawang4,ChinaDaily
SamStewartAU,China2ASEAN
Grace64940647,SpokespersonCHN
zss_Rosa,SpokespersonCHN
1759880204Tjh,SpokespersonCHN
Janec44ever,
BusyAhchan,AnnaGE_
Okitakagura0708,VoiceofPD
eliora711,nathanlawkc
wwibul,China2ASEAN
VoiceofPD,
zshing1,nathanlawkc
KMarie1321,nathanlawkc
BikerChinese,BikerChinese
ebcfragrance,China2ASEAN
BikerChinese,
LueRuiChao,badiucao
mutalabala,China2ASEAN
brainscience03,badiucao
GreenPartyofNJ,badiucao
pengfeng_lu,TW_nextmedia
tsai_mitchell,SpokespersonCHN
anthraxxxx,badiucao
rudolph87471573,WangGuanBeijing
China2ASEAN,
Hker_Remember,badiucao
yaya00281,chinese4uyghurs
Sarah54867718,Jingjing_Li
SChenHayes,badiucao
247firecracker,soshk_hker
ChanCha62478037,soshk_hker
playngpleng,aizhongchina
vwoWeitT6bIqs9c,SpokespersonCHN
9Gf88JKmqjKHLgk,Jingjing_Li
williamsantosg3,
KonohaEmi,WangGuanBeijing
popp30000,
JoChou18,dayana_dy
memilihviolance,Jingjing_Li
9Gf88JKmqjKHLgk,SpokespersonCHN
Wendy54311691,
jack35767730,SpokespersonCHN
huntercat_ning,aizhongchina
NancyHe36584614,
terpsichore_los,badiucao
memilihviolance,spyropic
Alara100,SpokespersonCHN
FxhAaCJI6RUNDzl,libijian2
Hanshichan1,
AhShuk2,
kongbill2,coicoixx
SteelAdolf,
lomicchi,
wuren61214380,SpokespersonCHN
weilin_pan,SpokespersonCHN
HuangZhilai,BarrettYouTube
jojojoanneriver,nathanlawkc
pz7EOolaRN4iY7H,
AhShuk2,
xianming_wang,WangGuanBeijing
akankshaswarups,
fu_ethel,nathanlawkc
DELAYNO_MORE,
prakai_bu,aizhongchina
AhShuk2,
herbalcandy024,jooeysiiu
Veronic42679841,SpokespersonCHN
liguotong,SpokespersonCHN
Hker_Remember,nathanlawkc
memilihviolance,senjatanuklir
memilihviolance,senjatanuklir
DeepADiver2,
chenlizi5494,
Huaneva1,SpokespersonCHN
waian1287,SpokespersonCHN
AlanLau19218588,nathanlawkc
fuckumiffy,nathanlawkc
FizeSheldon,nathanlawkc
dreamstar0302,badiucao
MLN_5dn1l,
duck_dafne,badiucao
tianhong_zheng,
twenkizz,aizhongchina
Filmize_nekar,aizhongchina
leona_super,SpokespersonCHN
MatWayne4,nathanlawkc
LXMXinjiang4,WangGuanBeijing
GeorgeDu19,SpokespersonCHN
Khodija35477746,
Aveddq4zJFJoLem,
_Gao_Xiang_,WangGuanBeijing
happy27803841,WangGuanBeijing
badiucao,badiucao
persimmonpear_,aizhongchina
HanxinCao,SpokespersonCHN
pip1985,badiucao
YetteSu,badiucao
EBlacksail,nathanlawkc
finniishere,badiucao
ArcherMail,badiucao
AUfoab,SpokespersonCHN
ruscioussin,aizhongchina
hangyanroad,nathanlawkc
HONGKONGISNOTC1,
exwx11_ax,badiucao
MLN_5dn1l,
wanwiya,aizhongchina
_Gao_Xiang_,SpokespersonCHN
johnnyh92539958,
HTakshing,jenniferatntd
ringonana1987,SpokespersonCHN
firstzhan,lheais
KeepTaiwanFree_,badiucao
Lexils01227,badiucao
CakeForPeace,
bailikekai,aizhongchina
truth_ch,SpokespersonCHN
hkshinkansen,nathanlawkc
achmadhabiib,senjatanuklir
suiyuanerqu,TW_nextmedia
yang_shiming,
talkyren,badiucao
chimmyxgrace,lheais
AidanStelling,badiucao
transfo00063431,Alfred_Uyghur
Lunn13853691,badiucao
dawrongguey,Jingjing_Li
DK40739909,TW_nextmedia
gtstyas,senjatanuklir
MichaelPolakLaw,badiucao
tbigeo,BarrettYouTube
AhShuk2,nathanlawkc
AhShuk2,
desireelai123,nathanlawkc
Ethel__Smith,CGTNOfficial
ArianBalbin,Thaisyin
Ethel__Smith,CGTNOfficial
CakeForPeace,
shellingbourne,
darklin53474392,SpokespersonCHN
GuangsiZheng,SpokespersonCHN
GoldenR71017954,badiucao
Ethel__Smith,CGTNOfficial
jaifoobody,aizhongchina
YouU2002,nathanlawkc
Danny_b1030,SpokespersonCHN
AlanTam777689,nathanlawkc
YC16992227,CameraTibet
ImLostInLiberty,
YYY11531303,ChinaDaily
bluesea99193658,CGTNOfficial
TinMaungZaw3,badiucao
bluesea99193658,PDChina
AKIRA_gxn,SpokespersonCHN
TaiReiTroy,nathanlawkc
smaya142,Feli1Ann
WSinghill,libijian2
khunpaew_,badiucao
FRNDhvBGZMt10HX,LondonHanfuCN
Thetmar,nathanlawkc
kaon04ok_alvin,nathanlawkc
arale31031,nathanlawkc
lomicchi,
TheJiaoCollectv,badiucao
LoveFlying10,aizhongchina
Chen1036108861,
bledwine,badiucao
9ydwo,nathanlawkc
YWtKIladGBo7pXZ,SeaGyp
WeiDanLeung,nathanlawkc
Hibinotsubu2018,badiucao
machangminfy,SpokespersonCHN
wendyinmyheart,nathanlawkc
hraulgg,badiucao
KKKOALA_MOMO,SpokespersonCHN
chinabookschina,SpokespersonCHN
eliora711,badiucao
evMhrgQZ2ByMwhD,SpokespersonCHN
Nemesis_Alert,monkmonkii
DrewPavlou,badiucao
Jonah_writer,
S15032022,HollyM80678769
Lamine68395326,Alfred_Uyghur
MasonPiii,YawenXu17
S15032022,SBBZBZSB
S15032022,LondonHanfuCN
Perseus852,badiucao
Kianlqm,SpokespersonCHN
foolishduck3,
zusi324000,
Julia34133619,badiucao
Jce49166744,badiucao
badiucao,
baicai_kang,spyropic
S15032022,SpokespersonCHN
jiang_silvia,SpokespersonCHN
sa18qy,SpokespersonCHN
hechuan37053227,SpokespersonCHN
BullshitofWuMen,jenniferatntd
BusyAhchan,BernardToHK
ichig0tchi,Jingjing_Li
ummm_na,aizhongchina
03CYgrixjwgPBDH,WangGuanBeijing
Wingo_721_831,nathanlawkc
jtao98,
S15032022,Jingjing_Li
Gusuland_,aizhongchina
Langley02_,
Julia34133619,nathanlawkc
fuffys,nathanlawkc
yixingwrld,
underbridge2003,WilliamYang120
Flambart,HKGTranslator
afran120,Alfred_Uyghur
Harry62146890,Jingjing_Li
zhuhaha1984,WangGuanBeijing
lomlia,aizhongchina
walt3587,WangGuanBeijing
Yeoleum07627796,jooeysiiu
hkg_e,chinese4uyghurs
richardericspe1,EconoArtifIntel
Dafei00291780,WangGuanBeijing
jalvapic,
ngonggau,WangGuanBeijing
lomicchi,
R1CsbIFITNcWuUx,jooeysiiu
yangyunlin,
likes_tony,SpokespersonCHN
oddnqVeiAbJ1voR,SpokespersonCHN
zjl1993,SpokespersonCHN
RawBlue1992,Alfred_Uyghur
huaiwenxuan8964,chinese4uyghurs
ngonggau,
ou08153352,LondonHanfuCN
comradeJohnClay,Jingjing_Li
woohoohooooo,nathanlawkc
pippy1987,monkmonkii
zero_jungle,WangGuanBeijing
PacRimAllies,OnceUpo26773053
m81792127,jooeysiiu
c0Veii7UUuieb9p,Jingjing_Li
PolarisAurora1,nathanlawkc
albrandosh,
luvhighways,spyropic
neo_tymai,aizhongchina
Joey_Gaga4ever,nathanlawkc
mythmakerart,Jingjing_Li
mintcho95795318,nathanlawkc
pippy1987,OnceUpo26773053
ChorPorIsRunnin,aizhongchina
GGL0928,
steven950824,SpokespersonCHN
mkH0ir7YhyBdTtl,SpokespersonCHN
VicentYip,LondonHanfuCN
yoyo0329,nathanlawkc
LondonHanfuCN,
9Ys1Bed52oCytCo,ChinaDaily
AnnaGE_,
AliUighur,nathanlawkc
OnceUpo26773053,
winwin251777372,TorontoFarmEN
ronniechoichoi,monkmonkii
newmanita19,aizhongchina
winwin251777372,TorontoFarmEN
DanCDO7,EconoArtifIntel
funfun96904935,nathanlawkc
BusyAhchan,nathanlawkc
Grayellow2,chinese4uyghurs
MasterK20826595,nathanlawkc
bobthewomble,nathanlawkc
dkfkskdl,senjatanuklir
dilly,chinese4uyghurs
RealYunyun2020,chinese4uyghurs
ccy_hk,nathanlawkc
yussieya,SpokespersonCHN
Rao_Siri,dayana_dy
KOAYBEECHENG,ChinaDaily
yiquxiaoyi,chinese4uyghurs
FreeT001,jooeysiiu
qiaohuanxin,
hologramsticker,SpokespersonCHN
V0e2qSbBkv5UlvL,SpokespersonCHN
FreeT001,nathanlawkc
hologramsticker,BarrettYouTube
2ZRUMmant1PhF4p,SpokespersonCHN
MengQingsheng,WangGuanBeijing
summivox,chinese4uyghurs
wsRyoko,AbubakaarCh
CharW212,ChinaDaily
colorlessplace,jooeysiiu
CAIYuushinn,SpokespersonCHN
deep_kwan,jooeysiiu
AnnaGE_,
GetReal19603510,Jingjing_Li
Eva__YYang,nathanlawkc
JeffreyJMassie,CGTNOfficial
ZionistColonist,Alfred_Uyghur
RickySone,Jingjing_Li
L4UR_UK,nathanlawkc
Bonbon_Leng,libijian2
JIJIJIZAZA,SpokespersonCHN
gentel_21,chispanorama
yanderecon1,nathanlawkc
ScrewTfrackingR,
yukongyi0401,SpokespersonCHN
Wenmin28761976,TorontoFarmEN
Wenmin28761976,TorontoFarmEN
missioncritica,CGTNOfficial
MiaoYiLai,
giraffe54049936,nathanlawkc
May_Mi_H,SpokespersonCHN
lxngacn,Jingjing_Li
niningasih,WilliamYang120
tom07797806,CGTNOfficial
desai_ritsukou,nathanlawkc
kristal66801094,SpokespersonCHN
niningasih,WilliamYang120
Viriato_77,xinjiangchannel
DeeganKevin,
lianganqiang,SpokespersonCHN
thisvulnerable1,lheais
maharetweet,senjatanuklir
soshk_hker,
svqcity,Jingjing_Li
Yuetshan,nathanlawkc
P_September2009,aizhongchina
jiang_mana,SpokespersonCHN
kakanamanian,nathanlawkc
litslover,lheais
michaelhuang02,nathanlawkc
cutry6,WangGuanBeijing
FREEDOMFR0MFEAR,nathanlawkc
4ZrDcMhAwPgyYd3,SpokespersonCHN
Thaisyin,
danielle_fooo,spyropic
DanielW75036432,jooeysiiu
pop_poo3,jooeysiiu
houyong12,xinjiangchannel
d68xIhpDgXhDPWK,SpokespersonCHN
BRASIL_ACABOU,
WaiTai3,nathanlawkc
DeepADiver2,
pip1985,nathanlawkc
JoyceTong13,SpokespersonCHN
Leon__Fan,
MWcommie,MscAmir1
alex_p_is,nathanlawkc
zhangjiapang,SpokespersonCHN
aly_hell,nathanlawkc
milksuga19,senjatanuklir
NicolasOng,lunareadingnote
TheDrBlanc,MscAmir1
monkmonkii,nathanlawkc
jennifer324961,chinese4uyghurs
yyc0314,SpokespersonCHN
Vyor_1,nathanlawkc
narcissus_hk,jooeysiiu
Vincent69391038,jooeysiiu
YShuisang,jenniferatntd
wojiaosiya,XjReport
NicolasOng,Jingjing_Li
winnie44029127,nathanlawkc
NicolasOng,SpokespersonCHN
NicolasOng,Jingjing_Li
Nishang_Li,SpokespersonCHN
Nishang_Li,xinjiangchannel
Marswong15,SpokespersonCHN
weilinkuang,Jingjing_Li
Jiwen_Tan,SpokespersonCHN
peachiprint,chinese4uyghurs
Zerta_D,chinese4uyghurs
yygall,nathanlawkc
haysosteve,CGTNOfficial
SpacedLad,
MeiYanyue_2000,SpokespersonCHN
mumucute33,SpokespersonCHN
German_1889,Jingjing_Li
villedelily,aizhongchina
NicolasOng,BarrettYouTube
NicolasOng,BarrettYouTube
turonhouse,CGTNOfficial
MybjNcFLgDXBNJb,
Zhaolina517,SpokespersonCHN
YusufTu60296806,ChinaConSydney
Darwinnnnnn3,DELAYNO_MORE
taetaettaemune,lheais
BoboHuimsY,SpokespersonCHN
ZuoyongC,libijian2
lostinsummer09,nathanlawkc
doudoulone,SpokespersonCHN
yeyinchuan,SpokespersonCHN
ohowkp,lunareadingnote
isaridewi,Jingjing_Li
love5201314m,SpokespersonCHN
pabobi6,chinese4uyghurs
EGHYiImnjqdlcFr,SpokespersonCHN
cestrach,nathanlawkc
fantine127,SpokespersonCHN
zytshanghai,SpokespersonCHN
psilvercomm,Jingjing_Li
ZhuBojing,SpokespersonCHN
lwyxian,lheais
gath24,AnneDestiny1
MWcommie,Jingjing_Li
pippy1987,nathanlawkc
kurdish_prince0,Alfred_Uyghur
Momoeena26,aizhongchina
XiaoYewen,SpokespersonCHN
RainAlwaysStops,nathanlawkc
pirrio4,spyropic
james88559147,chinese4uyghurs
yashar222769451,Alfred_Uyghur
NCT_Adam,senjatanuklir
heisenberg5061,CGTNOfficial
NNeicai,SpokespersonCHN
LValie1,
kanra__,lheais
Jiaqi_Wang_0213,SpokespersonCHN
PlanetMeooow,Jingjing_Li
vivian6788,nathanlawkc
clumsyibo,lheais
yel3ankon,Jingjing_Li
Abiao79016141,SpokespersonCHN
LondonHanfuCN,
Willspeakup1,nathanlawkc
whosyourdaddy34,jooeysiiu
PlanetMeooow,MscAmir1
LeungWanyipCHN,WanyipLeungCHN
RaymondLeungCHN,WanyipLeungCHN
mizchocolatera1,Alfred_Uyghur
WanyipLeungCHN,
seororo_O,aizhongchina
isaridewi,CGTNOfficial
AuroreTheWolf,lheais
isaridewi,yicaichina
CTUCATPERSON,SpokespersonCHN
Leung18188868,nathanlawkc
nuanced_nl,CGTNOfficial
LeungWanyipCHN,SpokespersonCHN
YeeLU11,SpokespersonCHN
goldquee,spyropic
dattebane__,spyropic
AltynIsTheBest,nathanlawkc
Erudidact,
Courage20201,jenniferatntd
chinacgedi,SpokespersonCHN
kevinyou318,
laurianerogerli,
MariaWe82718272,
peresuslog,nathanlawkc
peresuslog,Alfred_Uyghur
Yuxian2020517,SpokespersonCHN
cooland413,xinjiangchannel
bideangoaz,chispanorama
Kublai_78,CGTNOfficial
ropan1983,SpokespersonCHN
isaridewi,Jingjing_Li
Pu_i1023,aizhongchina
DanCDO7,Mango_Press_
JimHLee,nathanlawkc
mizakalili,chinese4uyghurs
DeanAChandler,jooeysiiu
PatPun,nathanlawkc
Squirre21170340,
War_is_Spin,CGTNOfficial
Moonlig84618218,chinese4uyghurs
Yhmo9,Alfred_Uyghur
FargogoFar,chinese4uyghurs
yoriobliviate,SpokespersonCHN
Alee66452364,Alfred_Uyghur
GumiiHK,nathanlawkc
sarasarasahh,Alfred_Uyghur
tinthefatty,nathanlawkc
TibetPeople,
se0kjin_supreme,
NuoyiO,Jingjing_Li
CarolW6789,nathanlawkc
LeoLau_BNO,nathanlawkc
Moonlig84618218,nathanlawkc
azmanabila,nathanlawkc
chispanorama,
jlx517,SpokespersonCHN
UyghurUS,Alfred_Uyghur
CoachBlu55,Alfred_Uyghur
Cutiebabybyun,senjatanuklir
TXPY9LmG1xX6V8F,SpokespersonCHN
evacakman,SpokespersonCHN
sretardniece,SpokespersonCHN
Ragnarking1234,SpokespersonCHN
yibosjiejie,lheais
sretardniece,
ShawTim,Alfred_Uyghur
yazi2k,nathanlawkc
AeeL69461046,lheais
Ericchu55390181,jooeysiiu
zhangwr7,CGTNOfficial
Norvisky,WangGuanBeijing
hourableteam1,CGTNOfficial
nla148,mkhochman
JeremiahHsu,chinese4uyghurs
Lisali22431583,SpokespersonCHN
Zoe28180331,Jingjing_Li
BigHead69904255,xinjiangchannel
BigHead69904255,CGTNOfficial
micha_lily,lheais
MarcinMatus,jenniferatntd
shizuka_wind,chinese4uyghurs
Ruby543604626,SpokespersonCHN
ahtpoon,dayana_dy
stanukiss2K21,lheais
ConnieArklinks,Alfred_Uyghur
k_r_n_o,nathanlawkc
ahtpoon,Jingjing_Li
maryjowei,
Zhenjin7,XjReport
ninjanekokuro3,lheais
IQueenjie,nathanlawkc
nhohn2011,Jingjing_Li
wussshshs,Alfred_Uyghur
q24hpexHeqpCUvm,nathanlawkc
ray14952670,jooeysiiu
ray14952670,nathanlawkc
dingaifei,spyropic
HenryGu99198899,WangGuanBeijing
DeutschlandKat1,
DeutschlandKat1,
formosa0813,lheais
currentcurrant9,
spinnakergirl,
NivesGilbert,nathanlawkc
ElaineTse6,nathanlawkc
SYCL13,nathanlawkc
YongDaeBerry,aizhongchina
Chat_Syi,spyropic
hk_fei,Alfred_Uyghur
dez1o1,
kehat13,nathanlawkc
WKRyanDub,nathanlawkc
AbiyFrom,ChinaMissionGva
g7o9AMV5dhuY39i,SpokespersonCHN
DecemberC9,nathanlawkc
tc_alfred,nathanlawkc
manggala2019,Alfred_Uyghur
THIYIAUNG1,nathanlawkc
kapangyaii,noonenoone168
kapangyaii,Jingjing_Li
ydgr5,Alfred_Uyghur
WQingxian,Mango_Press_
OpenOur3y3s,
Zulu55094625,lheais
pennyzhou025,chinese4uyghurs
AnneDestiny1,AnneDestiny1
ismyhome_free,chinese4uyghurs
MeripetU,AnneDestiny1
HONGKONGISNOTC1,
TonyWenCNEU,Jingjing_Li
WhyChina99,jenniferatntd
SafikSsenyonga,nathanlawkc
KelleyCurrie,
satitsueb,spyropic
phylc2,nathanlawkc
aquafinalist,ChinaDaily
JAMProject23,jooeysiiu
Gl89489455,Alfred_Uyghur
GraceBride1,ChinaDaily
dakache01,chinese4uyghurs
uY3qAwcJxeQBqne,SpokespersonCHN
hk_fei,jooeysiiu
Elizabethllllee,
inaniscaelum,nathanlawkc
AmirVarando,Alfred_Uyghur
keyforcream,aizhongchina
macave16,
samilsocialista,SpokespersonCHN
AnarchyVF,chinese4uyghurs
AbubakaarCh,
Ferin1A,LXMXinjiang4
Ferin1A,xinjiangchannel
ChapiEsteros,Jingjing_Li
wtf066,HkerGlo
dreamycat10,nathanlawkc
Anniedeboer98,nathanlawkc
757747544,chinese4uyghurs
NFSC_G_Series,
ArpoLFC,aizhongchina
NFSC_G_Series,
zhu_zhina,nathanlawkc
Ferin1A,aizhongchina
longliveyujin,
garravelilla,SpokespersonCHN
1016nuko,BenSoloLA
xkswz355,lunareadingnote
DeepADiver2,
jj_nisa,aizhongchina
DeepADiver2,
1016nuko,BenSoloLA
ellakemp32,SpokespersonCHN
AliUighur,AnneDestiny1
lei3233,Jingjing_Li
Will18899972,SpokespersonCHN
SATHTET1,nathanlawkc
arthurrimbaud64,nathanlawkc
aleebj_ly,nathanlawkc
757747544,nathanlawkc
wqiuqiu,BarrettYouTube
idikut_uygur,AnneDestiny1
longliveyujin,TorontoFarmEN
shuaibcolin,chinese4uyghurs
wtf066,Alfred_Uyghur
GoldenR71017954,chinese4uyghurs
commonPi,chinese4uyghurs
yysy1806,nathanlawkc
Sam_Kooooooo,nathanlawkc
NGA22298831,Alfred_Uyghur
_tsoureki_,NNFPReturn
bennywu48542487,WangGuanBeijing
amigo34737590,xinjiangchannel
Antiecofasciste,NNFPReturn
aisyahnurulum02,spyropic
Antiecofasciste,NNFPReturn
YawenXu17,
Starbuck3201,
mwfenixsx,SpokespersonCHN
lightkelvinbag,Jingjing_Li
munisa323,Alfred_Uyghur
Sherman89,WangGuanBeijing
Maredioa,
la11811,SpokespersonCHN
saluspopuliorg,YawenXu17
eric50802082,LindaTangUSA
a_m_r001,Alfred_Uyghur
wtf066,nathanlawkc
longliveyujin,jooeysiiu
hualiansss,nathanlawkc
viccckylai,chinese4uyghurs
tumbleweedjurny,SpokespersonCHN
maitrijen,BenSoloLA
yyhrsayhi,
BBFat11,nathanlawkc
Bruno_ZZL,WangGuanBeijing
jiashidu,LindaTangUSA
MWcommie,CGTNOfficial
hualiansss,GestapolicePoo
Thu Mar 25 19:52:02 +0000 2021,
LindaTangUSA,
KOTETSU__www,WangGuanBeijing
ngonggau,finmeteor
sehraf01,Alfred_Uyghur
xwy777,SpokespersonCHN
hualiansss,spyropic
NYNnaidesu,SpokespersonCHN
VIIBEBIE,aizhongchina
fcd78,Jingjing_Li
Yangaiiii,SpokespersonCHN
errordesconocid,Jingjing_Li
uzunyol991,chinese4uyghurs
OpenOur3y3s,
DeepADiver2,
buneri1990,CGTNOfficial
ughnoemi,lheais
hwalaz52,nathanlawkc
DeepADiver2,
Iberprolet,Jingjing_Li
yourettiwtme,BarrettYouTube
Nadudexoxo,aizhongchina
KUdhayavani,nathanlawkc
hkterrified,nathanlawkc
Oscarfreddymina,SpokespersonCHN
JohnnyJ53716428,Jingjing_Li
keyu95223492,nathanlawkc
YuFm1VJCyQt2aSr,SpokespersonCHN
xmmooxx,nathanlawkc
NNFPReturn,
NNFPReturn,
NNFPReturn,
Petteryoung96,SpokespersonCHN
agopramudyaura,Jingjing_Li
BroodjeKaas19,nathanlawkc
Angusliu66,YawenXu17
opuugrhnf,nathanlawkc
Eye1The3nd,TorontoFarmEN
silapata,aizhongchina
131123542wer,spyropic
JayFofah,SpokespersonCHN
mercury_freeHK,nathanlawkc
Alexand68622460,guardlaoxue
Daniel07003234,chinese4uyghurs
buzzlightyear58,nathanlawkc
AoyuSun,PDChina
Eye1The3nd,TorontoFarmEN
Osuedan,BarrettYouTube
prakai11,aizhongchina
UHRP_Chinese,chinese4uyghurs
131123542wer,Jingjing_Li
MyBlueMy,aizhongchina
orwellnow2047,nathanlawkc
Petetpan9,SpokespersonCHN
Bonnienie4,
bluvieee,aizhongchina
comradekim4,Jingjing_Li
ani3small,
Foyez_Ashik,Alfred_Uyghur
daaadaaama,aizhongchina
Tina_Loves_Cats,Jingjing_Li
XinjiangCotton,
narryyonce,Jingjing_Li
FaysalRamses1,PeoplesDailyapp
MC46939500,BarrettYouTube
Saintony,chinese4uyghurs
XinjiangCotton,
bailulus,lheais
jessicalhk,nathanlawkc
Trumpussy2020,dayana_dy
EspaguetisVkook,
KelleyCurrie,
Bonnienie4,
MaKuoHua,MscAmir1
Yisman12,lunareadingnote
Kent73790260,Jingjing_Li
Kent73790260,Jingjing_Li
jtmtaemin,globaltimesnews
johandemeuleme1,Jingjing_Li
asliamitt,nathanlawkc
netchys,Jingjing_Li
zyxfk,spyropic
mktmag,aizhongchina
hourableteam1,WangGuanBeijing
XinjiangCotton,
espresso_robot,nathanlawkc
Bonnienie4,
dorkos84,lheais
EspaguetisVkook,Jingjing_Li
sjournot,Jingjing_Li
EspaguetisVkook,spyropic
NanaPochi1,jooeysiiu
elitepapinaPR13,SpokespersonCHN
EspaguetisVkook,noonenoone168
elitepapinaPR13,Jingjing_Li
Bea_w24,lheais
FakeWelt,Jingjing_Li
NanaPochi1,nathanlawkc
yeung_lap,Jingjing_Li
yulovemew,SpokespersonCHN
elitepapinaPR13,spyropic
________Ans,Jingjing_Li
E_Fredette,
Save_NajibullaS,Alfred_Uyghur
PerlaSagastegui,lheais
widoskenofnfe,chinese4uyghurs
Wwycc1,nathanlawkc
eEtAFTQtuzKqICB,chinese4uyghurs
BgwfsY04HGEbwTi,xinjiangchannel
istrebki,xinjiangchannel
elitepapinaPR13,chinascio
Ryuu2814,nathanlawkc
debbie_qvq,chinese4uyghurs
HghKyle,Jingjing_Li
MickyJTrump,nathanlawkc
Catrix_BorninHK,
chowtszlok2019,
sunnyxian,lheais
pau_ferrr,nathanlawkc
eulaties,Jingjing_Li
LondonHanfuCN,Jingjing_Li
MingwLee,nathanlawkc
Chonza,Jingjing_Li
eliyartursun,Alfred_Uyghur
juneslnn,Junheng_Li
xiaonaitu,spyropic
mizshellytee,Mango_Press_
ginsightstest,nathanlawkc
freedomgooner,nathanlawkc
zacao,jooeysiiu
pvDustinDawn,Alfred_Uyghur
Ryan65248375,nathanlawkc
Lin3731,spyropic
wonw080,
offWuxian,lheais
kaisooxingtao,nathanlawkc
Set_Lunch_C,jooeysiiu
tjuaom,SpokespersonCHN
forhkmemes,jooeysiiu
missioncritica,WangGuanBeijing
rosey9807,
comradeTL,xinjiangchannel
jeffrey31869358,SpokespersonCHN
Fishbal57634660,nathanlawkc
LeiLi72713375,globaltimesnews
innietsanggg,jooeysiiu
beautifulcrime,lheais
arnauld,lingli_vienna
LEKKAE,aizhongchina
dunnchan,nathanlawkc
X__CP9,WangGuanBeijing
YQiqing,SilingWu
angelic26393252,nathanlawkc
bijayag68983878,WangGuanBeijing
fchaumac_chau,Mango_Press_
ployeb,aizhongchina
Petrichordawn,nathanlawkc
HongkongerMmm,nathanlawkc
huruyipekin,nathanlawkc
RuiXinHan,chinese4uyghurs
sunnyberyllai,
YQGZtuxK7m1CSvl,WangGuanBeijing
yeye_jyf,WangGuanBeijing
PseudoDANG,Jingjing_Li
JoeomegaJoet,nathanlawkc
NervVGC,jooeysiiu
Darunee_2554,aizhongchina
Lancelot950,SpokespersonCHN
YanNain45580893,nathanlawkc
Clay1016,
yoonmyataung,nathanlawkc
XWlling,CGTNOfficial
Muhammad__Ashik,Alfred_Uyghur
meko81775687,nathanlawkc
wangjihoney,lheais
NichkHkg,jooeysiiu
malucklo1,BenniPosenov
sikingthegreat1,jooeysiiu
anoukwr,jooeysiiu
bealin_11,lheais
tomking202007,dayana_dy
Simonba74029639,CGTNOfficial
naushadansari32,Alfred_Uyghur
btcadalink,
zhang_heqing,WangGuanBeijing
HegeoNewBangy,SpokespersonCHN
SuSu56657276,nathanlawkc
yang1_tina,
VivianZ24973848,Jingjing_Li
alonedierest,aizhongchina
wang_maya,chinese4uyghurs
BenniPosenov,
rinaldybaker,AnneDestiny1
GeneralkonsulDu,ChinaDaily
logan_forrest_,Alfred_Uyghur
29xxackermankid,nathanlawkc
jinju48728392,SpokespersonCHN
greenrain2008,nathanlawkc
ronniechoichoi,Alfred_Uyghur
YJ_Huang01,Jingjing_Li
planetjani,jooeysiiu
flm1139,SpokespersonCHN
Lily35435197,Jingjing_Li
mindsoul,Jingjing_Li
liyan06316016,SpokespersonCHN
financetwitting,
feng010219,xinjiangchannel
Flowerhanako1,Alfred_Uyghur
AquaAwaits,Alfred_Uyghur
fchaumac_chau,Jingjing_Li
RJ22127676,chinese4uyghurs
Mustafacan_Aksu,Alfred_Uyghur
MohamhadL,
KN_Sui121,spyropic
jomsulang1997,Wendy54311691
Dborah11937147,
mynameisKalai,lheais
Aahmattt,AnneDestiny1
Kayaautumn1,jooeysiiu
JonathanDesiny,nathanlawkc
sam0sang,nathanlawkc
htethtet333,nathanlawkc
MyIslamJourney,Alfred_Uyghur
Dborah11937147,CGTNOfficial
arslan_hidayat,Alfred_Uyghur
meixian0603,
aBIyxobDiRhzdSW,nathanlawkc
WanQingInUK,CGTNOfficial
OnionOnion39,nathanlawkc
eliana41942573,nathanlawkc
greenrain2008,jooeysiiu
YuqiangJ,
danehrlich11,jooeysiiu
ChelseaShi7,
RaylanWill,CGTNOfficial
0830bAmy,nathanlawkc
brandoncao10,dayana_dy
yourettiwtme,SpokespersonCHN
Mike27010303,nathanlawkc
artistliuyang,
luvmocha__,nathanlawkc
Eliza38855789,BernardToHK
ka851110,nathanlawkc
aimy17127239,Alfred_Uyghur
dadA9999996,jenniferatntd
GE0KUR,SpokespersonCHN
hosseinmasudian,
republikanen1,CGTNOfficial
DL9498,Jingjing_Li
HkhappyL,nathanlawkc
cxle_,aizhongchina
sanchingon7,xinjiangchannel
shanqiu1989,WangGuanBeijing
KhineSwamAung,nathanlawkc
HMurmurs,spyropic
SallyWo42411402,Jingjing_Li
KoKoNai34856019,nathanlawkc
Laugh2thend,Langley02_
christain0922,
meixian0603,
TUTU49995195,nathanlawkc
Lily35435197,SpokespersonCHN
Tubtimp1,nathanlawkc
Flowerhanako1,nathanlawkc
HangdaZhang,
OnlyWongs,WangGuanBeijing
Laugh2thend,nathanlawkc
TLWong8,
AclarandoVerdad,jenniferatntd
ItsJamieGray,Jingjing_Li
meixian0603,TorontoFarmEN
PoliteaChen,ChinaEmbSL
mariesjs,lheais
lomichi_,nathanlawkc
meixian0603,spyropic
owsechill,lheais
meixian0603,nathanlawkc
UcoJdy8iMzFfgMZ,
siyiwinnie,chinese4uyghurs
Lenny_C10,LXMXinjiang4
linda23595974,nathanlawkc
DuckD_11,SpokespersonCHN
dannikzair,lheais
fchaumac_chau,libijian2
Anon_HKer,nathanlawkc
mylittlehotpot,jooeysiiu
wsygddzz,lunareadingnote
SsXinru,SpokespersonCHN
egg03_hk,
Heisenberg20324,
siyiwinnie,TorontoFarmEN
MalHtar2,nathanlawkc
DE232sendai,
ChippyPills,Mango_Press_
LU76NLqOFPPk6Bw,Jingjing_Li
barellabrador1,SpokespersonCHN
siyiwinnie,realACLau
Mango_Press_,
OpenOur3y3s,
YaoYao51456262,SpokespersonCHN
ShawnLynott,AnneDestiny1
Hope314342,
laurianerogerli,
hing091,nathanlawkc
siyiwinnie,jooeysiiu
TWturtletony,nathanlawkc
siyiwinnie,nathanlawkc
MesHyper,
Juryy12,noonenoone168
Btirek1,Alfred_Uyghur
feng010219,SpokespersonCHN
LU76NLqOFPPk6Bw,SpokespersonCHN
zAN8yj2El6xH3uV,chinese4uyghurs
to_knj,Feli1Ann
Aybige53762924,AnneDestiny1
pluto_private,Jingjing_Li
SergeClaes1,nathanlawkc
JammerOxo,SpokespersonCHN
ArManHKCN,yicaichina
magonnews,aizhongchina
Oohseyoon4,nathanlawkc
ExarKun1949,SpokespersonCHN
ksksksks1212,aizhongchina
MayTharphe1,nathanlawkc
kiyoyui7,chinese4uyghurs
ronniechoichoi,nathanlawkc
solitarol,
Babyfire19,HollyM80678769
IotaKitty,
ohselele994,nathanlawkc
alienhui33,SpokespersonCHN
ya94653534,SpokespersonCHN
alladessatweets,
MouseKingFan89,jooeysiiu
Linshimin617,SpokespersonCHN
Onehorseguy5,globaltimesnews
artistliuyang,SpokespersonCHN
alice19256,CGTNOfficial
miasanjoni,nathanlawkc
pajamamon,globaltimesnews
ZHAO___YJ,SpokespersonCHN
fchaumac_chau,Dborah11937147
Last_Bluemoon,Jingjing_Li
tomleuang,nathanlawkc
Chunhui93255971,SpokespersonCHN
queenoffthedark,JessicaZ1018
BernardToHK,
FelipeTChung,
fchaumac_chau,CGTNOfficial
zaw_htet_aung_,nathanlawkc
Chani_Bayle,jenniferatntd
jazzyjay176,jenniferatntd
PLoyyy08690702,Jingjing_Li
andy7218311001,nathanlawkc
ChrliiiDAmeLio,nathanlawkc
Raimondvzla,SpokespersonCHN
SonnyGoten,YawenXu17
itskkkay,chinese4uyghurs
htethtet_naing,
Raimondvzla,ChinaDaily
curiouschocmint,nathanlawkc
Kaung06434870,nathanlawkc
mark_melon99,nathanlawkc
lmfine74310,nathanlawkc
standwi42544227,nathanlawkc
i8iyDtVsJ1d0zLo,
SiborSun,SpokespersonCHN
linweidong703,SpokespersonCHN
iceup,nathanlawkc
Kennixkalenc,nathanlawkc
pullyamore,jooeysiiu
friendno21,jooeysiiu
mZysyr0fXRULhbU,SpokespersonCHN
yzw28465741,
RudyDrischel,AnneDestiny1
quantxmleap,senjatanuklir
DebbieTHK2,nathanlawkc
kelly_bucklee,nathanlawkc
NinetynineShake,globaltimesnews
SammiLuiee,nathanlawkc
Sifantastic666,Jingjing_Li
trebbelito,Jingjing_Li
SakuraTomoaki,aizhongchina
hkstudent_P,nathanlawkc
vTZHLo7y0Dmk77b,spyropic
lynnphyuphway,nathanlawkc
caidafan,
CaptainKacha,
wwww1999_,SpokespersonCHN
Peacefu15688441,nathanlawkc
llgminmin,SpokespersonCHN
Fallengrunt,nathanlawkc
OK_OKILA,BarrettYouTube
eXx3U4SDuZxrPKt,SpokespersonCHN
kfhk51,nathanlawkc
yangsonv,nathanlawkc
Fionawwo1,nathanlawkc
HiaokiBoo,SBBZBZSB
freehk77237756,nathanlawkc
celiameow1,nathanlawkc
NinetynineShake,ChinaDaily
Lm8MS7xu9J5YpvB,SpokespersonCHN
DannyLo97768522,SilingWu
Mihayeeee,Alfred_Uyghur
ghostdr92842351,nathanlawkc
Bea_w24,chinascio
SammiLuiee,jooeysiiu
hermessilval,SpokespersonCHN
minmaw22,nathanlawkc
LXXFightingHKer,nathanlawkc
mak_michael2008,nathanlawkc
JHL50471619,TorontoFarmEN
planet2333,SpokespersonCHN
wangjiful,lheais
Savanai148579,ChinaDaily
WanHK2019,jooeysiiu
Lina44095215,nathanlawkc
Judy25494585,
5MqRpO12nxeftpd,lunareadingnote
lVAjOhy13WYz6b8,SpokespersonCHN
Aahmattt,Alfred_Uyghur
KionTicky,CGTNOfficial
Luizmark6,nathanlawkc
GQAbbasi,SpokespersonCHN
buttonofpower,chinese4uyghurs
HKaelynn,nathanlawkc
Kafka60613837,nathanlawkc
SawMa35853085,nathanlawkc
Potatozzz4,nathanlawkc
maliwali77,Alfred_Uyghur
catcatparc,nathanlawkc
BernardToHK,nathanlawkc
BRASIL_ACABOU,
DanielPonidi,Jingjing_Li
MULj8Yo1jqDUZZR,Jingjing_Li
SethRichGangKGB,Alfred_Uyghur
LeReD_Ch,
xannyrsj,
MMJanXth,nathanlawkc
RoseThandar1,nathanlawkc
ViviYyue,yammaku
SophieL58112814,chinese4uyghurs
KionTicky,CGTNOfficial
westnorthwolf,SpokespersonCHN
YukikoSan13,nathanlawkc
Vicky07259597,SpokespersonCHN
WanHK2019,nathanlawkc
xin48014371,Jingjing_Li
Li67793577,nathanlawkc
KRLTMPH,nathanlawkc
VYPPPPP,
V1gxoTAn9X2px15,nathanlawkc
noonenoone168,
Xia0000827,SpokespersonCHN
iwlcvm9287,nathanlawkc
Xiaohan55335848,
pengfeng_lu,nathanlawkc
kaman_723,nathanlawkc
fchaumac_chau,SpokespersonCHN
kfhk51,jooeysiiu
a512177,SpokespersonCHN
CCFSO1,
LoveSon79090121,SpokespersonCHN
ApiWenuwen,ChinaEmbSL
a512177,yicaichina
a512177,CGTNOfficial
OttawaCommies,Jingjing_Li
windoublewin,SpokespersonCHN
Porkling3520,nathanlawkc
Janani_1210,nathanlawkc
FunPop7,SpokespersonCHN
cassTTAAecg,CGTNOfficial
nixekil,
ArkarMinPaing3,nathanlawkc
ynVMnd7Uej2hlQz,spyropic
hninwaddymyo,nathanlawkc
PyoneEiHlaing2,nathanlawkc
Rb9pQteCWmjz0Of,
d302911,SpokespersonCHN
Pepper_749,SpokespersonCHN
yangyang_cheng,chinese4uyghurs
Meggienova,nathanlawkc
BRASIL_ACABOU,ChinaEmbSL
Tiscale,SpokespersonCHN
YiSiping,BarrettYouTube
ChinaEmbSL,
Kristin71810517,SpokespersonCHN
fleurmedelis,lheais
takarcho,nathanlawkc
mysteriouskt00,nathanlawkc
2020_demm,aizhongchina
yifanzhong993,
WanQingInUK,ChinaDaily
Oliviadino10,nathanlawkc
avajelin,XjReport
jhonnyrojasvzla,nathanlawkc
trueJiahong,SpokespersonCHN
Kokokate8812,lheais
thoon_nandi,nathanlawkc
JeMeMTjkO5jh93r,dayana_dy
huizhedingli06,SpokespersonCHN
DELAYNO_MORE,SpokespersonCHN
wzylemonade,LXMXinjiang4
wangoi12345,jooeysiiu
highspeedlowdr3,SpokespersonCHN
ccpage28,nathanlawkc
Samiha137911,Dhillon1138
WithoutEdmondo,
yilimaixiang,SpokespersonCHN
URms099,nathanlawkc
JuliaAung4,nathanlawkc
Wwonderdami,SpokespersonCHN
HoKwanTsoi1,nathanlawkc
BluesAlbert,chinese4uyghurs
Evelyn79505548,SpokespersonCHN
BRASIL_ACABOU,CGTNOfficial
Rb9pQteCWmjz0Of,
kitty201718,nathanlawkc
pksomuch,spyropic
almondeyerun,nathanlawkc
5pk7Vnbeyzc2NWw,YawenXu17
realBlueWhite,Alfred_Uyghur
moko41667486,SpokespersonCHN
be_watermyfrd,jooeysiiu
dickycheng811,SpokespersonCHN
nuanced_nl,CGTNOfficial
PPNYE98,aizhongchina
WuMin80170593,spyropic
p2iM6lqK44mR9tk,CGTNOfficial
saleh67634,Jennife72676710
zlj517,SpokespersonCHN
tiantongtian,Jingjing_Li
sylbt,Jingjing_Li
Aumnovi1,CGTNOfficial
Aumnovi1,CGTNOfficial
soepapakhaing1,nathanlawkc
lqjiminv,
yu_zhou0930,
yin_hker,nathanlawkc
danielee2021,nathanlawkc
yilimaixiang,
du_plum,
Xiaohan55335848,
KhinHtetHtetCh3,nathanlawkc
Lorenzo94571344,Jingjing_Li
hcleung8,nathanlawkc
zouxianqin,SpokespersonCHN
CommunistNewsN,CGTNOfficial
Langley02_,
pengfeng_lu,
KKMan93624510,nathanlawkc
fMiExFrtVjG5CHF,
Lamedh11,
AnaLauraSoledad,JessicaZ1018
Jam13826408,jooeysiiu
9Tsuialex,nathanlawkc
ryan111c,nathanlawkc
enchantedfrst,Alfred_Uyghur
toniots,Jingjing_Li
JasmineZhang666,Jingjing_Li
suzukakanai,jenniferatntd
HnyotW,nathanlawkc
winghanching1,nathanlawkc
Xiaohan55335848,
PunishedMonkey,chinese4uyghurs
soldier02002,BarrettYouTube
Sens44677215,jooeysiiu
Angusliu66,Jingjing_Li
kwokuno,nathanlawkc
Bbilly55917636,SpokespersonCHN
albus33878105,chinese4uyghurs
Nickelo33117024,nathanlawkc
be_watermyfrd,nathanlawkc
coicoixx,
AnnieChuong1,nathanlawkc
niBLtHHacLXoMBT,SpokespersonCHN
blingbling_blin,SpokespersonCHN
kelvin86hk,chinese4uyghurs
king85563210,SpokespersonCHN
GUSUNYU7906,SpokespersonCHN
QianxiPotter,XjReport
QianxiPotter,XjReport
SougetsuYuki,SpokespersonCHN
vlenuveno,chinese4uyghurs
FREEDOMYELLOW69,
Tea0199478474,jenniferatntd
Jessica56390087,SpokespersonCHN
YaLan_PS260,
Chris741140418,SpokespersonCHN
Edisonchinaaa,SpokespersonCHN
HkersWe,nathanlawkc
budonghou,
Edisonchinaaa,spyropic
ZincirliEsek,Alfred_Uyghur
simsome2020,nathanlawkc
BearInHK2019,nathanlawkc
ChongGuru,YawenXu17
CrystalKazuma,spyropic
anum290,
x95ww616,SpokespersonCHN
love98982016,SpokespersonCHN
hky2147,nathanlawkc
hkgiyuu02,nathanlawkc
SeaGyp,
vrgrgthd,nathanlawkc
GenocideUyghur,Alfred_Uyghur
LittlePeopleVo1,nathanlawkc
JayinShanghai,Jingjing_Li
FREEDOMYELLOW69,nathanlawkc
EzinShida,spyropic
Bobby44562471,SpokespersonCHN
soldier02002,Mango_Press_
altiyahhh,spyropic
best24YANG,ChinaDaily
YukKelvin,nathanlawkc
77885354_A,
Stokely84895637,Jingjing_Li
Edisonchinaaa,
Nobody39888594,jooeysiiu
HeyderUyghur,AnneDestiny1
MonkeyS75222726,nathanlawkc
aisha_umay,AnneDestiny1
WanQingInUK,chinascio
Aumnovi1,BarrettYouTube
coolcatrr1,nathanlawkc
mayng514,
GRuijue,SpokespersonCHN
jacky73520231,jooeysiiu
BOAKAASH,lheais
Edisonchinaaa,
pinapa5,CGTNOfficial
JennyChungKY1,nathanlawkc
naiveAbel,Jingjing_Li
Sevsk11010101,Jingjing_Li
taizioko,zhouri_
sonoftaiwan,Alfred_Uyghur
waterisourfd,
baobeiii_,aizhongchina
ZinLay73013598,nathanlawkc
tracyinsg,guardlaoxue
AlfredChan,nathanlawkc
0x46524545484b,jooeysiiu
Lovelyseunie328,CGTNOfficial
PeiFei9,dayana_dy
Sweet60023722,SpokespersonCHN
xccsxbx,SpokespersonCHN
vlenuveno,jenniferatntd
QilinDelMondo,
interestingpipi,Dborah11937147
ZinKo23453914,nathanlawkc
rustbeltsparky,BarrettYouTube
zhouri_,
straul,
karukarubin,nathanlawkc
BeLLeBeLLehk,nathanlawkc
nurullsalsa,senjatanuklir
PeiFei9,Junheng_Li
saS912XOxgPePFX,ChinaConSydney
joshuamills044,CGTNOfficial
CommunistNewsN,SpokespersonCHN
BluesAlbert,TW_nextmedia
Jam13826408,nathanlawkc
joshuamills044,Dborah11937147
GenocideUyghur,AnneDestiny1
Tom_Fowdy,Dborah11937147
yuanyuanzg,xinjiangchannel
AnneDestiny1,
OmgItsJMurphy,nathanlawkc
KenMast87763989,nathanlawkc
Dreamin4Free,nathanlawkc
Queenie75561250,SpokespersonCHN
gsl202,Jingjing_Li
straul,SpokespersonCHN
jinnwen_ge,spyropic
Lamedh11,
Sumiju1,Jingjing_Li
DanCDO7,globaltimesnews
mesapapern,aizhongchina
yoo_mich,SpokespersonCHN
osaki4eversimp,senjatanuklir
siegfried_HK,nathanlawkc
GladysChiu4,nathanlawkc
tradinwithjessy,
xuhengjs,SpokespersonCHN
linchusa,chinese4uyghurs
QilinDelMondo,CGTNOfficial
Mayahrasmi,aizhongchina
y1_yip,jooeysiiu
EiWint2,nathanlawkc
212hwh,jooeysiiu
XiaojunZhang10,jenniferatntd
charliejle,nathanlawkc
RonaldL10954498,spyropic
BoyRapper5,nathanlawkc
yzhxxn233,
Rb9pQteCWmjz0Of,SpokespersonCHN
337076186Johnys,
anniepierre17,nathanlawkc
Luciferion001,SpokespersonCHN
Aumnovi1,Jingjing_Li
dKb8etA3i1cuAPv,globaltimesnews
doulc69,nathanlawkc
KayleeMok,HKGTranslator
Tricia81895066,nathanlawkc
WithoutEdmondo,
kamemarunaja,aizhongchina
dtct25,SpokespersonCHN
Feli1Ann,
itaiwanla,TW_nextmedia
SToUVbveRT6n5pg,SpokespersonCHN
rpHmo4ZXO6DbeNm,SpokespersonCHN
mcmm1007_HKer,nathanlawkc
iamans2020,jooeysiiu
TW84208072,jooeysiiu
dKb8etA3i1cuAPv,SpokespersonCHN
coolbadyli,nathanlawkc
ma_pyone,nathanlawkc
AkiSteven,chinese4uyghurs
superlincoln1,nathanlawkc
Lovelyseunie328,chinascio
LOudestVibE,nathanlawkc
Jessica56175120,spyropic
Jessica56175120,nathanlawkc
hker50390842,
iamans2020,nathanlawkc
dKb8etA3i1cuAPv,CGTNOfficial
GraceBride1,Jingjing_Li
DanCDO7,guardlaoxue
heqiankrit,SpokespersonCHN
Zank47563599,YawenXu17
Gia0820,Echinanews
JamesZhao_Yafei,globaltimesnews
chenmolihua_93,aizhongchina
chdan27,chinese4uyghurs
XjReport,
hsvau,Jingjing_Li
dKb8etA3i1cuAPv,CGTNOfficial
toby0630,jooeysiiu
ReadTFManual,WangGuanBeijing
YawenXu17,
CherishPlanet,jooeysiiu
Rb9pQteCWmjz0Of,
longziqi,SpokespersonCHN
Dborah11937147,
toby0630,nathanlawkc
wndjgk0815,eeye24
Jinnnieee_,nathanlawkc
Starducks12,chinese4uyghurs
sammiwhat,WangGuanBeijing
Evan22059768,ChinaDaily
snowflakes_0210,nathanlawkc
tezsonee,nathanlawkc
Kentho95591405,nathanlawkc
G7Ahgase124,
StaceyJ42835761,
ShengliLuo,globaltimesnews
Joo5201314,eeye24
MREDGG,nathanlawkc
Rachel75206263,
ssjjssjj__,CGTNOfficial
Democracy_Dream,jooeysiiu
enhengyt,chinese4uyghurs
allieoraoii,aizhongchina
Sunshin26000782,
IcyGreenForest,dayana_dy
ZhuXiaRising,Alfred_Uyghur
YaleChen2020,eeye24
Thinzar91299243,
PinkmanRed,SpokespersonCHN
BieberWang1994,aizhongchina
yoyo19895,SpokespersonCHN
AdeloyeAyotunde,CGTNOfficial
Mike43823542,Jingjing_Li
Ruiminyang1,
NyoMeThet2,nathanlawkc
alreadytakensad,Jingjing_Li
SRGUO,nathanlawkc
StaceyJ42835761,Jingjing_Li
wade75321489,TorontoFarmEN
HK55020097,nathanlawkc
IngyinAung6,nathanlawkc
XjReport,
EconoArtifIntel,Jingjing_Li
MoeKyal9,nathanlawkc
emilybookworm,nathanlawkc
WinWinNaing8,nathanlawkc
yaya00281,nathanlawkc
Miki58354168,SpokespersonCHN
eeye24,
Rb9pQteCWmjz0Of,spyropic
N3LLQ,xinjiangchannel
AlexLvJun,chinese4uyghurs
Ash14390126,nathanlawkc
PieterHog,AlarmChina
PWR1986,
Barry72044427,SpokespersonCHN
divergence_09,nathanlawkc
Xiaodangao777,Alfred_Uyghur
LXMXinjiang4,
Light_Lau,nathanlawkc
benstandwithhk,nathanlawkc
johntan63,SpokespersonCHN
AidanStelling,nathanlawkc
vic13hk,nathanlawkc
aizhongchina,
Acalaonfire,nathanlawkc
missioncritica,
hanakumaowo,jooeysiiu
LeeMango014,nathanlawkc
Awsl114514,chinese4uyghurs
watermelonrua,chinese4uyghurs
SuferThe,chinese4uyghurs
Mrazthurazaw,nathanlawkc
lilireview28,SpokespersonCHN
wsRyoko,CGTNOfficial
456Rockstar,nathanlawkc
sdmituGO,SpokespersonCHN
StandWi11294727,nathanlawkc
MoreThanPol,nathanlawkc
EvaK777721831,nathanlawkc
doastsubasa,nathanlawkc
glorytohkforev1,nathanlawkc
Chichaco64,nathanlawkc
zn_jzhp,Doresssssw
iamhker_keith,jooeysiiu
hongsquarex,nathanlawkc
ciwtra,senjatanuklir
slsl61046665,CGTNOfficial
RJ21153705,jooeysiiu
bewaterbesafe,nathanlawkc
huanghuli1,SpokespersonCHN
JamesCh31927690,jooeysiiu
XjReport,
y_stomp,SilingWu
pelokio1,
JamesCh31927690,nathanlawkc
gift_giffarine,nathanlawkc
Hongkongfore,nathanlawkc
MyaThinKyuKyu6,nathanlawkc
xialiaoo,SpokespersonCHN
mookiemok1,nathanlawkc
its_yeemon,nathanlawkc
simonkwo2012,guardlaoxue
MinSuNyein_msn,nathanlawkc
tttK_T_T,nathanlawkc
Hunterwolfwang,nathanlawkc
kelvint23978630,Wendy54311691
kelvint23978630,LawMic1997
siukwaisiukwai,jooeysiiu
jeffjeffmarco,nathanlawkc
kelvint23978630,nathanlawkc
Jack_nii,nathanlawkc
mamikofromhk,nathanlawkc
nmslgd1,Jingjing_Li
HongKong141619,nathanlawkc
stonehoo,nathanlawkc
JOSHUAHUCKEBEIN,nathanlawkc
soldier02002,CGTNOfficial
8wqIGH20IbdtwRS,TorontoFarmEN
Aumnovi1,CGTNOfficial
DiracSg,SpokespersonCHN
cchicavaliente,nathanlawkc
irenechan852,nathanlawkc
LAHT,
forrest_chu1,guardlaoxue
coldguy,Alfred_Uyghur
SiuAnda,nathanlawkc
redweizhan,CGTNOfficial
DavidChen9457,
PovidokE,jenniferatntd
JackyC_HK,jooeysiiu
justice_4world,nathanlawkc
miEpiphany,lheais
justcurious1313,SilingWu
mimmii6029P,nathanlawkc
Rasenganx3,Jingjing_Li
meidou_kou,SpokespersonCHN
oPOWQFqAG6gWumI,Alfred_Uyghur
JasonLe26726752,nathanlawkc
El_trascendente,CGTNOfficial
sonchan18991411,nathanlawkc
waiphyonaing,nathanlawkc
